일자,방문인원수
20150101,1645
20150102,1329
20150103,3388
20150104,5327
20150105,1614
20150106,1274
20150107,1010
20150108,1632
20150109,1363
20150110,4895
20150111,4515
20150112,1200
20150113,1664
20150114,1746
20150115,3868
20150116,917
20150117,3341
20150118,3649
20150119,1219
20150120,1646
20150121,1698
20150122,1680
20150123,1692
20150124,7493
20150125,2864
20150126,1402
20150127,1508
20150128,1263
20150129,1261
20150130,2953
20150131,3256
20150201,5028
20150202,1671
20150203,1759
20150204,1588
20150205,1995
20150206,1401
20150207,4933
20150208,1328
20150209,593
20150210,1136
20150211,1403
20150212,1194
20150213,1102
20150214,3983
20150215,6625
20150216,437
20150217,952
20150218,2390
20150219,6572
20150220,15466
20150221,1794
20150222,3656
20150223,1341
20150224,2596
20150225,2900
20150226,2159
20150227,1663
20150228,5427
20150301,4109
20150302,1971
20150303,788
20150304,1158
20150305,1237
20150306,2095
20150307,19698
20150308,26998
20150309,1357
20150310,686
20150311,1133
20150312,1663
20150313,2198
20150314,24769
20150315,30688
20150316,3557
20150317,2687
20150318,873
20150319,4040
20150320,4363
20150321,30584
20150322,19807
20150323,2158
20150324,2405
20150325,3548
20150326,3716
20150327,4904
20150328,34237
20150329,20914
20150330,4041
20150331,4708
20150401,4100
20150402,3288
20150403,4976
20150404,29485
20150405,8446
20150406,4590
20150407,3820
20150408,3820
20150409,8439
20150410,14950
20150411,50872
20150412,50027
20150413,6356
20150414,1630
20150415,9467
20150416,4420
20150417,13393
20150418,40841
20150419,2187
20150420,3361
20150421,12393
20150422,8329
20150423,11397
20150424,15405
20150425,36537
20150426,37836
20150427,6844
20150428,17847
20150429,3503
20150430,13808
20150501,38675
20150502,40013
20150503,8878
20150504,32602
20150505,63382
20150506,8103
20150507,9464
20150508,12832
20150509,21821
20150510,25671
20150511,4174
20150512,6458
20150513,12955
20150514,15755
20150515,20641
20150516,27662
20150517,29381
20150518,5822
20150519,6119
20150520,8501
20150521,11231
20150522,19733
20150523,30136
20150524,46010
20150525,40511
20150526,7807
20150527,9099
20150528,10638
20150529,42070
20150530,12754
20150531,24556
20150601,6914
20150602,11912
20150603,4606
20150604,2934
20150605,2046
20150606,8789
20150607,7158
20150608,2572
20150609,2962
20150610,3963
20150611,2104
20150612,3944
20150613,6429
20150614,6777
20150615,2181
20150616,1982
20150617,2367
20150618,2136
20150619,2211
20150620,2320
20150621,10655
20150622,2727
20150623,2619
20150624,2468
20150625,2377
20150626,1330
20150627,10998
20150628,10008
20150629,2422
20150630,1838
20150701,2516
20150702,2860
20150703,3013
20150704,11378
20150705,11117
20150706,2517
20150707,2905
20150708,2905
20150709,2551
20150710,2840
20150711,6456
20150712,1568
20150713,606
20150714,2819
20150715,2347
20150716,3116
20150717,3258
20150718,11538
20150719,10445
20150720,2634
20150721,1846
20150722,2005
20150723,1711
20150724,723
20150725,3406
20150726,9042
20150727,4130
20150728,4680
20150729,2389
20150730,5180
20150731,4650
20150801,8956
20150802,8306
20150803,6491
20150804,6063
20150805,4628
20150806,3344
20150807,3727
20150808,6496
20150809,7089
20150810,3269
20150811,3808
20150812,3610
20150813,3529
20150814,10411
20150815,14343
20150816,8607
20150817,3780
20150818,3345
20150819,3432
20150820,2924
20150821,3005
20150822,12855
20150823,13146
20150824,2791
20150825,847
20150826,21260
20150827,3703
20150828,4092
20150829,18292
20150830,18306
20150831,2852
20150901,4562
20150902,2231
20150903,3206
20150904,4976
20150905,7391
20150906,24404
20150907,3895
20150908,4160
20150909,3940
20150910,4396
20150911,5431
20150912,19093
20150913,29788
20150914,5494
20150915,4029
20150916,5838
20150917,9164
20150918,7785
20150919,26648
20150920,23307
20150921,3495
20150922,7038
20150923,4253
20150924,4516
20150925,5900
20150926,16739
20150927,18200
20150928,37358
20150929,31056
20150930,5922
20151001,949
20151002,8790
20151003,29486
20151004,23374
20151005,4422
20151006,6512
20151007,7204
20151008,13956
20151009,40080
20151010,10366
20151011,6495
20151012,4546
20151013,9817
20151014,8174
20151015,8466
20151016,14527
20151017,28476
20151018,26905
20151019,6564
20151020,8159
20151021,7142
20151022,6418
20151023,10241
20151024,21413
20151025,34174
20151026,5072
20151027,2947
20151028,7089
20151029,5041
20151030,5565
20151031,13948
20151101,3923
20151102,5152
20151103,16625
20151104,15903
20151105,2780
20151106,2108
20151107,1318
20151108,576
20151109,2922
20151110,6233
20151111,5204
20151112,2316
20151113,2244
20151114,2219
20151115,1911
20151116,1626
20151117,6659
20151118,6404
20151119,1383
20151120,1427
20151121,893
20151122,4964
20151123,1208
20151124,1404
20151125,3699
20151126,1169
20151127,923
20151128,895
20151129,8472
20151130,987
20151201,1728
20151202,348
20151203,523
20151204,1315
20151205,3736
20151206,4083
20151207,1192
20151208,1626
20151209,1392
20151210,842
20151211,1495
20151212,5972
20151213,8514
20151214,915
20151215,1117
20151216,1029
20151217,821
20151218,694
20151219,3008
20151220,3456
20151221,683
20151222,1494
20151223,1078
20151224,1404
20151225,4636
20151226,3547
20151227,2007
20151228,888
20151229,1170
20151230,22176
20151231,1281
20160101,4382
20160102,7265
20160103,4557
20160104,1690
20160105,1256
20160106,1174
20160107,1044
20160108,926
20160109,2640
20160110,3604
20160111,996
20160112,1642
20160113,1007
20160114,872
20160115,1047
20160116,2997
20160117,3448
20160118,808
20160119,300
20160120,422
20160121,627
20160122,586
20160123,890
20160124,324
20160125,422
20160126,758
20160127,1218
20160128,1146
20160129,1777
20160130,4128
20160131,2584
20160201,3746
20160202,2927
20160203,1130
20160204,1120
20160205,840
20160206,2058
20160207,2128
20160208,3221
20160209,7060
20160210,9949
20160211,3098
20160212,357
20160213,2742
20160214,2042
20160215,696
20160216,994
20160217,1429
20160218,1622
20160219,1630
20160220,6626
20160221,5102
20160222,1398
20160223,1726
20160224,1333
20160225,1538
20160226,2519
20160227,6519
20160228,4970
20160229,1233
20160301,4507
20160302,2146
20160303,1783
20160304,2783
20160305,1405
20160306,11564
20160307,1480
20160308,11521
20160309,1255
20160310,1184
20160311,2305
20160312,7460
20160313,6352
20160314,2385
20160315,2541
20160316,2697
20160317,2529
20160318,2836
20160319,33131
20160320,34360
20160321,3537
20160322,3338
20160323,2787
20160324,2438
20160325,3291
20160326,21748
20160327,30489
20160328,4136
20160329,2248
20160330,4857
20160331,4758
20160401,7537
20160402,37787
20160403,9952
20160404,6813
20160405,7452
20160406,9032
20160407,5013
20160408,11370
20160409,32879
20160410,33139
20160411,11313
20160412,12028
20160413,26405
20160414,7079
20160415,14228
20160416,14154
20160417,14205
20160418,5862
20160419,12051
20160420,6493
20160421,3489
20160422,9794
20160423,14361
20160424,19642
20160425,19979
20160426,11099
20160427,9335
20160428,11151
20160429,15084
20160430,21736
20160501,30424
20160502,7733
20160503,753
20160504,10890
20160505,56576
20160506,8080
20160507,25904
20160508,19215
20160509,6806
20160510,2258
20160511,7709
20160512,16904
20160513,17355
20160514,32851
20160515,14075
20160516,5166
20160517,8275
20160518,7436
20160519,9941
20160520,23828
20160521,23279
20160522,18154
20160523,5561
20160524,4659
20160525,8076
20160526,10669
20160527,12776
20160528,26458
20160529,26432
20160530,6051
20160531,8171
20160601,7294
20160602,10689
20160603,12144
20160604,28335
20160605,35553
20160606,33793
20160607,6851
20160608,5809
20160609,5259
20160610,7586
20160611,14093
20160612,12769
20160613,3744
20160614,3561
20160615,831
20160616,3988
20160617,4353
20160618,13617
20160619,12582
20160620,4317
20160621,2716
20160622,1590
20160623,3536
20160624,1484
20160625,13340
20160626,12829
20160627,2946
20160628,2542
20160629,2373
20160630,2314
20160701,2687
20160702,8963
20160703,10557
20160704,673
20160705,253
20160706,1816
20160707,2015
20160708,3066
20160709,5384
20160710,4618
20160711,1581
20160712,11686
20160713,4030
20160714,2063
20160715,3089
20160716,1000
20160717,9371
20160718,2795
20160719,2235
20160720,1697
20160721,1806
20160722,1396
20160723,4209
20160724,4578
20160725,2020
20160726,1833
20160727,1451
20160728,2361
20160729,5216
20160730,6043
20160731,5127
20160801,4432
20160802,4310
20160803,3003
20160804,1653
20160805,1756
20160806,2997
20160807,2576
20160808,1107
20160809,1184
20160810,1186
20160811,1090
20160812,1217
20160813,3166
20160814,6118
20160815,4219
20160816,1419
20160817,1444
20160818,11355
20160819,5328
20160820,5446
20160821,4372
20160822,1082
20160823,1134
20160824,1335
20160825,1283
20160826,2527
20160827,18602
20160828,17845
20160829,3559
20160830,3315
20160831,20690
20160901,2641
20160902,2828
20160903,19317
20160904,19461
20160905,2752
20160906,2774
20160907,2540
20160908,1712
20160909,8815
20160910,15573
20160911,18868
20160912,2908
20160913,4300
20160914,11425
20160915,17615
20160916,31344
20160917,19405
20160918,20824
20160919,3275
20160920,4394
20160921,3717
20160922,4503
20160923,5582
20160924,22835
20160925,20599
20160926,3649
20160927,1481
20160928,3947
20160929,5555
20160930,7733
20161001,26431
20161002,1846
20161003,29719
20161004,17037
20161005,4781
20161006,8611
20161007,8415
20161008,15752
20161009,21733
20161010,4417
20161011,9263
20161012,5745
20161013,8490
20161014,11644
20161015,22479
20161016,8192
20161017,4906
20161018,7973
20161019,8548
20161020,7825
20161021,10977
20161022,26904
20161023,13991
20161024,8155
20161025,2553
20161026,6751
20161027,7121
20161028,6436
20161029,14951
20161030,16856
20161031,2067
20161101,2291
20161102,7426
20161103,3207
20161104,4782
20161105,14380
20161106,19529
20161107,5735
20161108,2570
20161109,2630
20161110,1928
20161111,3662
20161112,13925
20161113,13407
20161114,1819
20161115,2205
20161116,2019
20161117,3480
20161118,2356
20161119,9936
20161120,24388
20161121,2231
20161122,1433
20161123,1021
20161124,881
20161125,1817
20161126,2325
20161127,3815
20161128,1180
20161129,1237
20161130,978
20161201,1483
20161202,1224
20161203,5705
20161204,4360
20161205,952
20161206,997
20161207,1314
20161208,1090
20161209,1245
20161210,2386
20161211,3222
20161212,1043
20161213,1312
20161214,930
20161215,698
20161216,565
20161217,2403
20161218,
20161219,
20161220,
20161221,
20161222,
20161223,
20161224,
20161225,
20161226,
20161227,
20161228,
20161229,
20161230,
20161231,
20170101,
20170102,
20170103,
20170104,
20170105,
20170106,
20170107,
20170108,
20170109,
20170110,
20170111,
20170112,
20170113,
20170114,
20170115,
20170116,
20170117,
20170118,
20170119,
20170120,
20170121,
20170122,
20170123,
20170124,
20170125,
20170126,
20170127,
20170128,
20170129,
20170130,
20170131,
20170201,
20170202,
20170203,
20170204,
20170205,
20170206,
20170207,
20170208,
20170209,
20170210,
20170211,
20170212,
20170213,
20170214,
20170215,
20170216,
20170217,
20170218,
20170219,
20170220,
20170221,
20170222,
20170223,
20170224,
20170225,
20170226,
20170227,
20170228,
20170301,
20170302,
20170303,
20170304,
20170305,
20170306,
20170307,
20170308,
20170309,
20170310,
20170311,
20170312,
20170313,
20170314,
20170315,
20170316,
20170317,
20170318,
20170319,
20170320,
20170321,
20170322,
20170323,
20170324,
20170325,
20170326,
20170327,
20170328,
20170329,
20170330,2369
20170331,1299
20170401,17070
20170402,32453
20170403,3032
20170404,3576
20170405,1067
20170406,1603
20170407,6248
20170408,40887
20170409,39359
20170410,7589
20170411,7035
20170412,7538
20170413,7727
20170414,3060
20170415,31747
20170416,37119
20170417,2046
20170418,2864
20170419,17911
20170420,3430
20170421,7265
20170422,30798
20170423,40116
20170424,6026
20170425,5660
20170426,7375
20170427,7647
20170428,9533
20170429,21476
20170430,26596
20170501,22645
20170502,13719
20170503,30066
20170504,25025
20170505,45644
20170506,9739
20170507,7524
20170508,3853
20170509,3906
20170510,4535
20170511,5694
20170512,18803
20170513,7674
20170514,30637
20170515,6332
20170516,6141
20170517,6278
20170518,8283
20170519,12175
20170520,22151
20170521,23790
20170522,4771
20170523,5287
20170524,6215
20170525,7625
20170526,12340
20170527,30814
20170528,36153
20170529,6938
20170530,8418
20170531,6498
20170601,8859
20170602,10337
20170603,30298
20170604,33655
20170605,17477
20170606,20711
20170607,1809
20170608,23117
20170609,15315
20170610,20068
20170611,21850
20170612,3466
20170613,3855
20170614,4047
20170615,6940
20170616,3257
20170617,9893
20170618,8530
20170619,2117
20170620,2487
20170621,2182
20170622,12868
20170623,2102
20170624,6117
20170625,6027
20170626,1249
20170627,2201
20170628,2106
20170629,2090
20170630,2060
20170701,7583
20170702,1437
20170703,795
20170704,1715
20170705,1335
20170706,1249
20170707,862
20170708,1694
20170709,3411
20170710,336
20170711,1474
20170712,1588
20170713,1166
20170714,1343
20170715,1923
20170716,4534
20170717,1174
20170718,1448
20170719,1168
20170720,929
20170721,1068
20170722,2474
20170723,690
20170724,694
20170725,1292
20170726,1258
20170727,10847
20170728,773
20170729,5712
20170730,5679
20170731,1763
20170801,3886
20170802,1942
20170803,1886
20170804,2130
20170805,2711
20170806,2334
20170807,1215
20170808,1491
20170809,1586
20170810,940
20170811,1867
20170812,6306
20170813,10215
20170814,1840
20170815,825
20170816,1948
20170817,1868
20170818,2759
20170819,10487
20170820,1447
20170821,4390
20170822,2375
20170823,718
20170824,570
20170825,2262
20170826,14234
20170827,16465
20170828,1461
20170829,3357
20170830,2814
20170831,3165
20170901,3372
20170902,22897
20170903,23438
20170904,2867
20170905,2167
20170906,1789
20170907,4429
20170908,4116
20170909,16990
20170910,16031
20170911,10911
20170912,3765
20170913,3854
20170914,2974
20170915,5642
20170916,20420
20170917,21210
20170918,4121
20170919,2295
20170920,6104
20170921,4773
20170922,7164
20170923,17275
20170924,14293
20170925,2517
20170926,3566
20170927,2489
20170928,3966
20170929,6489
20170930,12530
20171001,6242
20171002,20621
20171003,15822
20171004,18532
20171005,31373
20171006,20174
20171007,30988
20171008,28268
20171009,20446
20171010,2259
20171011,2084
20171012,3890
20171013,6290
20171014,16474
20171015,19047
20171016,6632
20171017,13948
20171018,4916
20171019,5751
20171020,10209
20171021,21936
20171022,24390
20171023,4448
20171024,19324
20171025,4541
20171026,4993
20171027,8309
20171028,26282
20171029,18846
20171030,3275
20171031,5736
20171101,3363
20171102,2669
20171103,3156
20171104,12087
20171105,12760
20171106,3340
20171107,3494
20171108,2653
20171109,3089
20171110,2353
20171111,8008
20171112,9312
20171113,1611
20171114,2003
20171115,1404
20171116,1245
20171117,1388
20171118,2759
20171119,1918
20171120,857
20171121,1581
20171122,1041
20171123,1927
20171124,747
20171125,1384
20171126,2487
20171127,1072
20171128,1139
20171129,795
20171130,11318
20171201,718
20171202,2168
20171203,1991
20171204,719
20171205,630
20171206,721
20171207,911
20171208,643
20171209,1792
20171210,1024
20171211,479
20171212,324
20171213,462
20171214,761
20171215,627
20171216,1206
20171217,996
20171218,420
20171219,657
20171220,2985
20171221,653
20171222,804
20171223,1905
20171224,403
20171225,2030
20171226,772
20171227,488
20171228,778
20171229,853
20171230,1520
20171231,1868
20180101,2316
20180102,988
20180103,694
20180104,671
20180105,758
20180106,1935
20180107,1881
20180108,634
20180109,523
20180110,382
20180111,312
20180112,228
20180113,1015
20180114,1654
20180115,645
20180116,699
20180117,631
20180118,1503
20180119,918
20180120,2083
20180121,2123
20180122,852
20180123,363
20180124,128
20180125,162
20180126,222
20180127,655
20180128,962
20180129,409
20180130,9660
20180131,585
20180201,679
20180202,704
20180203,1049
20180204,790
20180205,348
20180206,369
20180207,418
20180208,724
20180209,657
20180210,1861
20180211,1159
20180212,499
20180213,725
20180214,810
20180215,1765
20180216,3007
20180217,3590
20180218,3370
20180219,1558
20180220,1243
20180221,1169
20180222,1348
20180223,1079
20180224,3362
20180225,6139
20180226,2252
20180227,1517
20180228,626
20180301,3290
20180302,1500
20180303,14540
20180304,3619
20180305,1049
20180306,1751
20180307,1434
20180308,604
20180309,1366
20180310,10723
20180311,14512
20180312,1555
20180313,1819
20180314,3032
20180315,390
20180316,2101
20180317,21711
20180318,11340
20180319,785
20180320,1228
20180321,2184
20180322,1559
20180323,1922
20180324,8418
20180325,7334
20180326,1227
20180327,1297
20180328,1830
20180329,1588
20180330,3670
20180331,24609
20180401,15121
20180402,2785
20180403,3689
20180404,2575
20180405,992
20180406,3920
20180407,12741
20180408,12683
20180409,5775
20180410,7236
20180411,4184
20180412,7264
20180413,8694
20180414,2097
20180415,21355
20180416,5480
20180417,5164
20180418,5634
20180419,5069
20180420,5353
20180421,32610
20180422,7680
20180423,288
20180424,4340
20180425,8633
20180426,15833
20180427,14350
20180428,22964
20180429,29774
20180430,15101
20180501,22284
20180502,1349
20180503,9103
20180504,11398
20180505,52310
20180506,3344
20180507,32821
20180508,5728
20180509,5892
20180510,6762
20180511,9835
20180512,1345
20180513,23131
20180514,4102
20180515,4825
20180516,896
20180517,1309
20180518,5492
20180519,33655
20180520,30449
20180521,19298
20180522,28495
20180523,6302
20180524,6387
20180525,8457
20180526,27705
20180527,32244
20180528,27205
20180529,8741
20180530,7303
20180531,26276
20180601,9969
20180602,26341
20180603,25808
20180604,5922
20180605,9027
20180606,29944
20180607,6171
20180608,7157
20180609,18036
20180610,19328
20180611,3626
20180612,5547
20180613,17997
20180614,1766
20180615,4362
20180616,15207
20180617,12254
20180618,2432
20180619,3781
20180620,3212
20180621,2893
20180622,16022
20180623,8845
20180624,6553
20180625,2284
20180626,13766
20180627,1986
20180628,1969
20180629,8100
20180630,3604
20180701,411
20180702,334
20180703,1777
20180704,1568
20180705,1283
20180706,2418
20180707,11179
20180708,12207
20180709,574
20180710,1614
20180711,1407
20180712,2517
20180713,1356
20180714,3918
20180715,3031
20180716,852
20180717,1139
20180718,14697
20180719,899
20180720,756
20180721,1537
20180722,1228
20180723,605
20180724,516
20180725,651
20180726,712
20180727,1830
20180728,1410
20180729,1620
20180730,937
20180731,1320
20180801,607
20180802,792
20180803,701
20180804,1558
20180805,1690
20180806,815
20180807,816
20180808,720
20180809,1072
20180810,725
20180811,2070
20180812,3107
20180813,865
20180814,943
20180815,1790
20180816,755
20180817,1690
20180818,7856
20180819,7320
20180820,1315
20180821,1185
20180822,1501
20180823,520
20180824,480
20180825,10258
20180826,5426
20180827,549
20180828,644
20180829,4342
20180830,1066
20180831,2373
20180901,15182
20180902,15541
20180903,684
20180904,2211
20180905,2910
20180906,2383
20180907,3470
20180908,22103
20180909,23202
20180910,3329
20180911,3546
20180912,3032
20180913,3182
20180914,3111
20180915,10686
20180916,9048
20180917,3011
20180918,3310
20180919,7333
20180920,1696
20180921,741
20180922,14301
20180923,13065
20180924,19661
20180925,29558
20180926,21131
20180927,5153
20180928,5910
20180929,22289
20180930,19868
20181001,3207
20181002,4863
20181003,27449
20181004,4159
20181005,1426
20181006,1355
20181007,22060
20181008,11611
20181009,27514
20181010,3384
20181011,5071
20181012,8295
20181013,16641
20181014,17762
20181015,7580
20181016,4861
20181017,5903
20181018,5146
20181019,11385
20181020,22515
20181021,21366
20181022,4455
20181023,2405
20181024,5240
20181025,6662
20181026,14286
20181027,21561
20181028,4916
20181029,3342
20181030,3786
20181031,5730
20181101,3923
20181102,5152
20181103,16626
20181104,15903
20181105,2780
20181106,2108
20181107,1321
20181108,576
20181109,2922
20181110,6233
20181111,5204
20181112,2316
20181113,2244
20181114,2219
20181115,1911
20181116,1626
20181117,6659
20181118,6404
20181119,1383
20181120,1427
20181121,893
20181122,4964
20181123,1208
20181124,1404
20181125,3699
20181126,1169
20181127,923
20181128,895
20181129,8472
20181130,987
20181201,4005
20181202,3381
20181203,356
20181204,610
20181205,815
20181206,878
20181207,440
20181208,807
20181209,808
20181210,553
20181211,997
20181212,2089
20181213,854
20181214,456
20181215,1381
20181216,1134
20181217,656
20181218,861
20181219,809
20181220,876
20181221,1630
20181222,1982
20181223,2948
20181224,982
20181225,2402
20181226,752
20181227,3943
20181228,357
20181229,734
20181230,915
20181231,834
20190101,1524
20190102,634
20190103,777
20190104,690
20190105,1601
20190106,2057
20190107,773
20190108,804
20190109,529
20190110,839
20190111,814
20190112,1855
20190113,1680
20190114,433
20190115,493
20190116,674
20190117,1220
20190118,810
20190119,1738
20190120,2064
20190121,731
20190122,988
20190123,756
20190124,1010
20190125,882
20190126,2023
20190127,2391
20190128,703
20190129,938
20190130,716
20190131,1624
20190201,626
20190202,1630
20190203,405
20190204,2550
20190205,3855
20190206,4046
20190207,996
20190208,771
20190209,1771
20190210,1652
20190211,732
20190212,1041
20190213,917
20190214,1290
20190215,587
20190216,1889
20190217,2834
20190218,1084
20190219,514
20190220,832
20190221,998
20190222,1005
20190223,4086
20190224,7466
20190225,1428
20190226,2285
20190227,2595
20190228,2135
20190301,6264
20190302,5491
20190303,4393
20190304,822
20190305,649
20190306,513
20190307,1196
20190308,1622
20190309,17833
20190310,9254
20190311,1025
20190312,1326
20190313,1064
20190314,1351
20190315,963
20190316,8722
20190317,15718
20190318,1945
20190319,2077
20190320,759
20190321,1144
20190322,1477
20190323,3562
20190324,12787
20190325,1538
20190326,1744
20190327,1117
20190328,1665
20190329,2870
20190330,2452
20190331,4418
20190401,1876
20190402,2081
20190403,3957
20190404,3060
20190405,4100
20190406,11272
20190407,31924
20190408,5501
20190409,3029
20190410,2124
20190411,8577
20190412,9296
20190413,39200
20190414,5017
20190415,6556
20190416,6982
20190417,6040
20190418,4791
20190419,6494
20190420,29419
20190421,19874
20190422,4445
20190423,3905
20190424,3475
20190425,6869
20190426,3550
20190427,23777
20190428,17964
20190429,3283
20190430,6833
20190501,26327
20190502,6977
20190503,9589
20190504,17366
20190505,43255
20190506,31870
20190507,4534
20190508,3574
20190509,5572
20190510,7701
20190511,17093
20190512,17370
20190513,3194
20190514,6529
20190515,6094
20190516,5200
20190517,8945
20190518,16276
20190519,2666
20190520,3766
20190521,7521
20190522,6119
20190523,6060
20190524,7253
20190525,23240
20190526,25575
20190527,1162
20190528,9372
20190529,8026
20190530,19350
20190531,8759
20190601,26364
20190602,25449
20190603,6056
20190604,6528
20190605,6975
20190606,21962
20190607,2612
20190608,27175
20190609,15525
20190610,3073
20190611,4733
20190612,4792
20190613,3361
20190614,3441
20190615,12924
20190616,14680
20190617,3147
20190618,2085
20190619,2212
20190620,3271
20190621,2457
20190622,12601
20190623,11289
20190624,2921
20190625,2038
20190626,1954
20190627,1587
20190628,17126
20190629,4743
20190630,9422
20190701,2026
20190702,2076
20190703,1546
20190704,1671
20190705,1344
20190706,3647
20190707,4107
20190708,1440
20190709,1778
20190710,1412
20190711,1100
20190712,2070
20190713,7214
20190714,6264
20190715,1060
20190716,1684
20190717,1339
20190718,2643
20190719,1355
20190720,2468
20190721,2912
20190722,1429
20190723,1370
20190724,765
20190725,630
20190726,12704
20190727,2834
20190728,1144
20190729,2921
20190730,2230
20190731,724
20190801,3038
20190802,2886
20190803,2685
20190804,2468
20190805,1053
20190806,7204
20190807,1197
20190808,1250
20190809,886
20190810,1785
20190811,2657
20190812,428
20190813,1185
20190814,872
20190815,1120
20190816,3587
20190817,5430
20190818,7670
20190819,1854
20190820,1430
20190821,1328
20190822,1190
20190823,1863
20190824,10784
20190825,11007
20190826,1821
20190827,1711
20190828,1679
20190829,5198
20190830,2304
20190831,15428
20190901,14422
20190902,1994
20190903,1790
20190904,460
20190905,764
20190906,998
20190907,
20190908,6033
20190909,925
20190910,987
20190911,1770
20190912,5460
20190913,19822
20190914,16120
20190915,14186
20190916,3182
20190917,2611
20190918,3172
20190919,3431
20190920,4563
20190921,10127
20190922,1126
20190923,2999
20190924,4136
20190925,3948
20190926,11123
20190927,4624
20190928,22637
20190929,18965
20190930,4098
20191001,3496
20191002,2251
20191003,15337
20191004,11882
20191005,16368
20191006,19596
20191007,453
20191008,6765
20191009,25533
20191010,4152
20191011,6444
20191012,18065
20191013,18452
20191014,3421
20191015,4828
20191016,4625
20191017,7092
20191018,8745
20191019,19166
20191020,16154
20191021,4135
20191022,4520
20191023,5540
20191024,4341
20191025,8133
20191026,17609
20191027,16692
20191028,3318
20191029,3791
20191030,12945
20191031,4014
20191101,3458
20191102,14026
20191103,11948
20191104,3977
20191105,3444
20191106,3086
20191107,3573
20191108,4592
20191109,12385
20191110,9306
20191111,2244
20191112,2867
20191113,1080
20191114,3890
20191115,618
20191116,6239
20191117,1062
20191118,893
20191119,2984
20191120,1030
20191121,1160
20191122,1700
20191123,7841
20191124,3749
20191125,922
20191126,1377
20191127,1223
20191128,1041
20191129,18132
20191130,3727
20191201,836
20191202,813
20191203,696
20191204,790
20191205,705
20191206,407
20191207,1326
20191208,2122
20191209,621
20191210,708
20191211,645
20191212,1153
20191213,749
20191214,2182
20191215,3487
20191216,1084
20191217,473
20191218,1578
20191219,779
20191220,725
20191221,1661
20191222,1967
20191223,699
20191224,959
20191225,2858
20191226,548
20191227,1302
20191228,2110
20191229,6913
20191230,863
20191231,548
20200101,1239
20200102,866
20200103,812
20200104,2059
20200105,2721
20200106,466
20200107,281
20200108,622
20200109,1282
20200110,786
20200111,1961
20200112,2180
20200113,732
20200114,895
20200115,857
20200116,762
20200117,674
20200118,2425
20200119,1539
20200120,761
20200121,763
20200122,780
20200123,809
20200124,2041
20200125,3800
20200126,4597
20200127,2236
20200128,925
20200129,757
20200130,2013
20200131,628
20200201,1251
20200202,1142
20200203,521
20200204,480
20200205,301
20200206,343
20200207,415
20200208,1313
20200209,1484
20200210,760
20200211,987
20200212,278
20200213,721
20200214,1049
20200215,3226
20200216,665
20200217,378
20200218,630
20200219,822
20200220,882
20200221,565
20200222,791
20200223,1714
20200224,519
20200225,77
20200226,1275
20200227,687
20200228,1210
20200229,1384
20200301,1062
20200302,566
20200303,569
20200304,372
20200305,585
20200306,793
20200307,2138
20200308,4584
20200309,920
20200310,134
20200311,1117
20200312,1212
20200313,907
20200314,3569
20200315,2683
20200316,869
20200317,596
20200318,1808
20200319,178
20200320,1569
20200321,5907
20200322,7744
20200323,1814
20200324,1988
20200325,1998
20200326,1218
20200327,1462
20200328,6187
20200329,8822
20200330,2259
20200331,2794
20200401,2319
20200402,3075
20200403,3217
20200404,7813
20200405,7693
20200406,2561
20200407,2433
20200408,2634
20200409,2197
20200410,2567
20200411,6481
20200412,5717
20200413,2404
20200414,3468
20200415,7392
20200416,2648
20200417,222
20200418,10325
20200419,2892
20200420,719
20200421,1039
20200422,499
20200423,3011
20200424,1572
20200425,7857
20200426,12018
20200427,2268
20200428,2980
20200429,4256
20200430,16598
20200501,15733
20200502,13597
20200503,10559
20200504,10000
20200505,25907
20200506,3458
20200507,3846
20200508,2263
20200509,521
20200510,6871
20200511,1814
20200512,1787
20200513,2644
20200514,2399
20200515,222
20200516,4834
20200517,8875
20200518,933
20200519,608
20200520,2859
20200521,3040
20200522,2567
20200523,12038
20200524,5990
20200525,2649
20200526,2091
20200527,7943
20200528,2829
20200529,2511
20200530,8157
20200531,7746
20200601,2419
20200602,758
20200603,1887
20200604,1942
20200605,2268
20200606,9246
20200607,8306
20200608,1799
20200609,1584
20200610,1546
20200611,1565
20200612,1819
20200613,4621
20200614,6533
20200615,1793
20200616,1702
20200617,1693
20200618,3264
20200619,1826
20200620,6019
20200621,5512
20200622,975
20200623,1341
20200624,259
20200625,767
20200626,9415
20200627,6844
20200628,6639
20200629,1703
20200630,658
20200701,1726
20200702,1617
20200703,1699
20200704,7165
20200705,7115
20200706,1361
20200707,1566
20200708,1283
20200709,1276
20200710,1563
20200711,6522
20200712,6632
20200713,166
20200714,1600
20200715,1945
20200716,1505
20200717,1382
20200718,6974
20200719,1990
20200720,777
20200721,1683
20200722,625
20200723,341
20200724,773
20200725,8869
20200726,8223
20200727,887
20200728,1343
20200729,4484
20200730,1977
20200731,2922
20200801,1751
20200802,744
20200803,324
20200804,1248
20200805,707
20200806,858
20200807,2138
20200808,2916
20200809,250
20200810,775
20200811,688
20200812,2017
20200813,1547
20200814,953
20200815,1162
20200816,6705
20200817,3880
20200818,801
20200819,1599
20200820,556
20200821,507
20200822,976
20200823,1923
20200824,571
20200825,504
20200826,445
20200827,323
20200828,439
20200829,756
20200830,1491
20200831,757
20200901,910
20200902,265
20200903,4967
20200904,1984
20200905,4480
20200906,3416
20200907,76
20200908,2201
20200909,1003
20200910,2243
20200911,1557
20200912,2947
20200913,12859
20200914,2085
20200915,2066
20200916,820
20200917,1990
20200918,3086
20200919,12178
20200920,13140
20200921,2247
20200922,2214
20200923,2052
20200924,2298
20200925,2335
20200926,13447
20200927,16860
20200928,2594
20200929,2608
20200930,8986
20201001,12365
20201002,14323
20201003,17995
20201004,12932
20201005,2634
20201006,2407
20201007,2600
20201008,3057
20201009,20177
20201010,16405
20201011,16264
20201012,2757
20201013,2857
20201014,2933
20201015,4093
20201016,2772
20201017,16441
20201018,19461
20201019,3141
20201020,3559
20201021,3093
20201022,2704
20201023,4009
20201024,16500
20201025,19042
20201026,4035
20201027,3842
20201028,11655
20201029,4267
20201030,4856
20201031,20185
20201101,2763
20201102,3832
20201103,2520
20201104,2146
20201105,3091
20201106,2812
20201107,12821
20201108,14694
20201109,1919
20201110,2248
20201111,2747
20201112,2673
20201113,3375
20201114,9802
20201115,9447
20201116,1811
20201117,1685
20201118,809
20201119,256
20201120,976
20201121,4101
20201122,2557
20201123,762
20201124,819
20201125,911
20201126,10031
20201127,784
20201128,1651
20201129,9912
20201130,576
20201201,727
20201202,628
20201203,614
20201204,678
20201205,1701
20201206,2385
20201207,928
20201208,591
20201209,615
20201210,683
20201211,7810
20201212,1641
20201213,644
20201214,217
20201215,101
20201216,114
20201217,133
20201218,230
20201219,380
20201220,696
20201221,231
20201222,282
20201223,288
20201224,347
20201225,1058
20201226,1356
20201227,1876
20201228,802
20201229,244
20201230,72
20201231,139
20210101,633
20210102,928
20210103,625
20210104,199
20210105,162
20210106,265
20210107,74
20210108,63
20210109,165
20210110,527
20210111,103
20210112,176
20210113,851
20210114,446
20210115,283
20210116,1147
20210117,771
20210118,87
20210119,158
20210120,398
20210121,200
20210122,343
20210123,4556
20210124,8227
20210125,1132
20210126,218
20210127,745
20210128,119
20210129,107
20210130,1503
20210131,4007
20210201,515
20210202,192
20210203,208
20210204,244
20210205,361
20210206,3512
20210207,2477
20210208,246
20210209,371
20210210,682
20210211,3950
20210212,5530
20210213,7588
20210214,4395
20210215,456
20210216,101
20210217,116
20210218,165
20210219,1643
20210220,6203
20210221,11897
20210222,1585
20210223,734
20210224,1212
20210225,1167
20210226,2913
20210227,11624
20210228,15378
20210301,113
20210302,641
20210303,836
20210304,616
20210305,1373
20210306,10282
20210307,11425
20210308,1149
20210309,1034
20210310,1260
20210311,2395
20210312,347
20210313,10069
20210314,8828
20210315,916
20210316,706
20210317,1078
20210318,1242
20210319,1687
20210320,801
20210321,10370
20210322,1088
20210323,1086
20210324,1101
20210325,1628
20210326,1453
20210327,1291
20210328,2007
20210329,802
20210330,1616
20210331,3512
20210401,4433
20210402,5286
20210403,491
20210404,15169
20210405,4368
20210406,3724
20210407,4132
20210408,3214
20210409,5688
20210410,21369
20210411,20591
20210412,319
20210413,1458
20210414,2003
20210415,2301
20210416,585
20210417,5544
20210418,23276
20210419,2765
20210420,2360
20210421,2341
20210422,1817
20210423,2214
20210424,15031
20210425,17717
20210426,2483
20210427,1771
20210428,1459
20210429,1594
20210430,1259
20210501,5173
20210502,17650
20210503,5302
20210504,536
20210505,46206
20210506,5036
20210507,1287
20210508,3533
20210509,12740
20210510,322
20210511,4631
20210512,2227
20210513,2823
20210514,3140
20210515,2672
20210516,426
20210517,542
20210518,3884
20210519,24671
20210520,1304
20210521,1711
20210522,19649
20210523,17161
20210524,3989
20210525,2173
20210526,4690
20210527,1004
20210528,1298
20210529,12491
20210530,30143
20210531,3012
20210601,3165
20210602,3384
20210603,701
20210604,4275
20210605,14463
20210606,13620
20210607,2734
20210608,3985
20210609,1902
20210610,1877
20210611,1625
20210612,8613
20210613,7449
20210614,1715
20210615,842
20210616,2153
20210617,1760
20210618,612
20210619,9749
20210620,8337
20210621,1609
20210622,1406
20210623,948
20210624,1303
20210625,1821
20210626,6151
20210627,23485
20210628,710
20210629,1089
20210630,663
20210701,894
20210702,1050
20210703,2370
20210704,1094
20210705,1459
20210706,1235
20210707,719
20210708,597
20210709,758
20210710,2216
20210711,1731
20210712,596
20210713,516
20210714,473
20210715,391
20210716,344
20210717,1315
20210718,1424
20210719,345
20210720,1987
20210721,277
20210722,264
20210723,238
20210724,578
20210725,9812
20210726,399
20210727,246
20210728,281
20210729,475
20210730,446
20210731,1157
20210801,1176
20210802,1191
20210803,1326
20210804,986
20210805,1495
20210806,757
20210807,2232
20210808,2267
20210809,816
20210810,608
20210811,682
20210812,779
20210813,1184
20210814,5347
20210815,7148
20210816,5792
20210817,1312
20210818,889
20210819,1721
20210820,1339
20210821,1164
20210822,8136
20210823,409
20210824,239
20210825,1696
20210826,1299
20210827,381
20210828,11137
20210829,9178
20210830,1723
20210831,242
20210901,631
20210902,1566
20210903,2412
20210904,15612
20210905,15370
20210906,1595
20210907,137
20210908,1673
20210909,1889
20210910,3842
20210911,11735
20210912,12755
20210913,1442
20210914,1405
20210915,1313
20210916,1336
20210917,1335
20210918,9152
20210919,12678
20210920,19167
20210921,7751
20210922,10551
20210923,4100
20210924,3257
20210925,10698
20210926,11145
20210927,1478
20210928,1124
20210929,169
20210930,1840
20211001,2313
20211002,12400
20211003,16853
20211004,5215
20211005,1259
20211006,353
20211007,914
20211008,715
20211009,13776
20211010,6376
20211011,14410
20211012,1763
20211013,2368
20211014,2310
20211015,1857
20211016,7823
20211017,5034
20211018,3236
20211019,1091
20211020,1863
20211021,1938
20211022,2386
20211023,11525
20211024,14344
20211025,2267
20211026,2433
20211027,20162
20211028,3071
20211029,3468
20211030,13047
20211031,15648
20211101,3168
20211102,3353
20211103,3310
20211104,2533
20211105,3846
20211106,15092
20211107,16700
20211108,171
20211109,385
20211110,930
20211111,1515
20211112,1593
20211113,6639
20211114,8436
20211115,1680
20211116,3665
20211117,1631
20211118,1073
20211119,1748
20211120,4321
20211121,3040
20211122,683
20211123,436
20211124,523
20211125,665
20211126,16233
20211127,15992
20211128,4650
20211129,1137
20211130,141
20211201,321
20211202,386
20211203,361
20211204,1741
20211205,2830
20211206,696
20211207,1776
20211208,744
20211209,645
20211210,404
20211211,2688
20211212,2415
20211213,267
20211214,568
20211215,339
20211216,355
20211217,343
20211218,312
20211219,573
20211220,471
20211221,460
20211222,427
20211223,430
20211224,303
20211225,390
20211226,223
20211227,12955
20211228,317
20211229,394
20211230,420
20211231,202
20220101,1043
20220102,1084
20220103,324
20220104,417
20220105,349
20220106,933
20220107,463
20220108,1431
20220109,1116
20220110,367
20220111,249
20220112,139
20220113,1276
20220114,224
20220115,1433
20220116,1262
20220117,283
20220118,358
20220119,240
20220120,327
20220121,386
20220122,1882
20220123,2805
20220124,746
20220125,267
20220126,558
20220127,476
20220128,426
20220129,1237
20220130,1951
20220131,2755
20220201,1096
20220202,1651
20220203,652
20220204,374
20220205,509
20220206,860
20220207,275
20220208,591
20220209,564
20220210,704
20220211,755
20220212,2875
20220213,4327
20220214,721
20220215,2350
20220216,282
20220217,215
20220218,599
20220219,2013
20220220,1677
20220221,364
20220222,380
20220223,337
20220224,656
20220225,1254
20220226,1947
20220227,6364
20220228,3653
20220301,4485
20220302,902
20220303,927
20220304,614
20220305,2774
20220306,4926
20220307,755
20220308,1096
20220309,12164
20220310,1044
20220311,1440
20220312,10364
20220313,1397
20220314,135
20220315,1287
20220316,1520
20220317,2283
20220318,556
20220319,504
20220320,7728
20220321,1259
20220322,1348
20220323,777
20220324,1079
20220325,1185
20220326,3615
20220327,15630
20220328,3633
20220329,2389
20220330,670
20220331,1516
20220401,3094
20220402,19080
20220403,20368
20220404,2616
20220405,2293
20220406,2635
20220407,2425
20220408,5368
20220409,22965
20220410,24296
20220411,6053
20220412,4761
20220413,831
20220414,2172
20220415,5086
20220416,22173
20220417,22239
20220418,3122
20220419,5147
20220420,3229
20220421,3143
20220422,2171
20220423,18329
20220424,17940
20220425,2604
20220426,2563
20220427,3095
20220428,4191
20220429,3185
20220430,20693
20220501,16307
20220502,3893
20220503,3594
20220504,6421
20220505,46381
20220506,13667
20220507,10100
20220508,6887
20220509,3350
20220510,3458
20220511,3399
20220512,3523
20220513,6037
20220514,12924
20220515,13663
20220516,3881
20220517,4384
20220518,3217
20220519,5872
20220520,11668
20220521,15593
20220522,15974
20220523,4327
20220524,5103
20220525,5800
20220526,6660
20220527,7146
20220528,36225
20220529,15590
20220530,3877
20220531,6274
20220601,17053
20220602,4831
20220603,4426
20220604,12333
20220605,16564
20220606,9282
20220607,3572
20220608,3123
20220609,2045
20220610,3588
20220611,8456
20220612,8738
20220613,4221
20220614,2084
20220615,829
20220616,2084
20220617,2456
20220618,6082
20220619,7232
20220620,1732
20220621,1506
20220622,1690
20220623,430
20220624,1439
20220625,5193
20220626,18829
20220627,459
20220628,404
20220629,239
20220630,108
20220701,1188
20220702,2745
20220703,1965
20220704,516
20220705,459
20220706,536
20220707,280
20220708,743
20220709,2469
20220710,1722
20220711,472
20220712,711
20220713,149
20220714,753
20220715,1243
20220716,2437
20220717,3223
20220718,5216
20220719,755
20220720,774
20220721,676
20220722,756
20220723,10918
20220724,3068
20220725,1208
20220726,833
20220727,1005
20220728,1014
20220729,854
20220730,1277
20220731,856
20220801,1417
20220802,938
20220803,1286
20220804,2637
20220805,1023
20220806,1584
20220807,1697
20220808,177
20220809,69
20220810,875
20220811,531
20220812,1521
20220813,1703
20220814,5632
20220815,4618
20220816,1531
20220817,1324
20220818,1640
20220819,1116
20220820,5437
20220821,4690
20220822,1408
20220823,1137
20220824,1568
20220825,803
20220826,1885
20220827,16188
20220828,14964
20220829,917
20220830,184
20220831,1678
20220901,2141
20220902,2584
20220903,13485
20220904,790
20220905,55
20220906,1340
20220907,2223
20220908,2057
20220909,10663
20220910,13924
20220911,16246
20220912,14399
20220913,2526
20220914,1606
20220915,2073
20220916,2332
20220917,7960
20220918,9012
20220919,1905
20220920,2651
20220921,2964
20220922,4536
20220923,3468
20220924,16093
20220925,13925
20220926,2946
20220927,7608
20220928,4835
20220929,2630
20220930,4460
20221001,13785
20221002,12071
20221003,560
20221004,1571
20221005,3310
20221006,2908
20221007,4548
20221008,17148
20221009,1749
20221010,3701
20221011,2339
20221012,3944
20221013,5192
20221014,5034
20221015,14951
20221016,13354
20221017,2944
20221018,2905
20221019,3187
20221020,4181
20221021,6339
20221022,14033
20221023,15734
20221024,3200
20221025,3097
20221026,7256
20221027,4482
20221028,5649
20221029,16415
20221030,28609
20221031,3917
20221101,3287
20221102,3462
20221103,2676
20221104,3125
20221105,9610
20221106,11245
20221107,1770
20221108,2388
20221109,2375
20221110,2211
20221111,3204
20221112,5797
20221113,5201
20221114,1544
20221115,1053
20221116,1225
20221117,1760
20221118,1789
20221119,8285
20221120,9544
20221121,1633
20221122,849
20221123,4321
20221124,1185
20221125,1327
20221126,22632
20221127,3845
20221128,333
20221129,458
20221130,219
20221201,239
20221202,350
20221203,1148
20221204,1015
20221205,423
20221206,290
20221207,413
20221208,561
20221209,530
20221210,1995
20221211,2079
20221212,405
20221213,250
20221214,142
20221215,183
20221216,158
20221217,423
20221218,294
20221219,1591
20221220,331
20221221,276
20221222,281
20221223,106
20221224,380
20221225,11398
20221226,325
20221227,345
20221228,442
20221229,394
20221230,2546
20221231,970
20230101,1268
20230102,365
20230103,345
20230104,428
20230105,439
20230106,424
20230107,878
20230108,1260
20230109,542
20230110,608
20230111,578
20230112,960
20230113,235
20230114,542
20230115,499
20230116,317
20230117,356
20230118,356
20230119,453
20230120,252
20230121,795
20230122,1146
20230123,2810
20230124,209
20230125,135
20230126,288
20230127,1206
20230128,1930
20230129,1210
20230130,411
20230131,509
20230201,500
20230202,468
20230203,476
20230204,2439
20230205,2909
20230206,779
20230207,725
20230208,749
20230209,906
20230210,570
20230211,4339
20230212,4164
20230213,968
20230214,884
20230215,886
20230216,727
20230217,1121
20230218,2880
20230219,2869
20230220,811
20230221,627
20230222,898
20230223,1425
20230224,1658
20230225,3987
20230226,5228
20230227,3538
20230228,3603
20230301,7457
20230302,768
20230303,792
20230304,7806
20230305,9254
20230306,1039
20230307,1119
20230308,792
20230309,632
20230310,1533
20230311,15428
20230312,539
20230313,551
20230314,1070
20230315,914
20230316,898
20230317,1179
20230318,11932
20230319,12194
20230320,1353
20230321,1544
20230322,1525
20230323,3426
20230324,1677
20230325,13180
20230326,19974
20230327,2008
20230328,1983
20230329,2199
20230330,2758
20230331,4248
20230401,24827
20230402,26129
20230403,7318
20230404,3674
20230405,248
20230406,859
20230407,3409
20230408,13460
20230409,15723
20230410,3076
20230411,542
20230412,1802
20230413,4630
20230414,3123
20230415,3738
20230416,8295
20230417,7058
20230418,810
20230419,4066
20230420,2688
20230421,5455
20230422,14297
20230423,14121
20230424,3371
20230425,1048
20230426,3444
20230427,7353
20230428,5908
20230429,13909
20230430,17773
20230501,18777
20230502,3720
20230503,4919
20230504,6185
20230505,1286
20230506,941
20230507,8043
20230508,3305
20230509,3769
20230510,4410
20230511,6468
20230512,6220
20230513,16168
20230514,15901
20230515,3859
20230516,4721
20230517,4850
20230518,5966
20230519,7478
20230520,16102
20230521,15214
20230522,4135
20230523,5286
20230524,6226
20230525,7652
20230526,6831
20230527,4392
20230528,23283
20230529,15771
20230530,4358
20230531,7039
20230601,5057
20230602,4943
20230603,16661
20230604,18113
20230605,9332
20230606,19754
20230607,2314
20230608,2180
20230609,2712
20230610,6621
20230611,7252
20230612,2158
20230613,2238
20230614,1942
20230615,2030
20230616,2162
20230617,7570
20230618,5725
20230619,967
20230620,1390
20230621,495
20230622,2088
20230623,1713
20230624,5590
20230625,3946
20230626,375
20230627,15950
20230628,1011
20230629,131
20230630,1794
20230701,2821
20230702,2872
20230703,545
20230704,419
20230705,855
20230706,795
20230707,834
20230708,4459
20230709,1053
20230710,559
20230711,430
20230712,923
20230713,132
20230714,166
20230715,1324
20230716,1889
20230717,851
20230718,392
20230719,1244
20230720,1042
20230721,2577
20230722,2173
20230723,392
20230724,1150
20230725,12014
20230726,1002
20230727,1014
20230728,900
20230729,1549
20230730,1459
20230731,1290
20230801,1032
20230802,896
20230803,757
20230804,715
20230805,1009
20230806,841
20230807,432
20230808,437
20230809,614
20230810,54
20230811,400
20230812,4591
20230813,5847
20230814,1573
20230815,3626
20230816,1430
20230817,747
20230818,523
20230819,1969
20230820,2441
20230821,615
20230822,398
20230823,273
20230824,588
20230825,832
20230826,5372
20230827,9460
20230828,302
20230829,203
20230830,557
20230831,1374
20230901,1401
20230902,10082
20230903,6528
20230904,1689
20230905,974
20230906,1017
20230907,1141
20230908,1705
20230909,8358
20230910,9018
20230911,1391
20230912,1124
20230913,716
20230914,2969
20230915,535
20230916,4664
20230917,7474
20230918,1782
20230919,2269
20230920,459
20230921,3053
20230922,3056
20230923,13095
20230924,15138
20230925,1631
20230926,374
20230927,788
20230928,11864
20230929,20239
20230930,13801
20231001,22044
20231002,23408
20231003,15126
20231004,3061
20231005,2908
20231006,4154
20231007,14177
20231008,16657
20231009,15218
20231010,2761
20231011,3679
20231012,3844
20231013,4995
20231014,3007
20231015,16859
20231016,3380
20231017,5117
20231018,5465
20231019,1118
20231020,6287
20231021,12618
20231022,15168
20231023,3183
20231024,3832
20231025,4366
20231026,4150
20231027,6039
20231028,20841
20231029,32527
20231030,4739
20231031,3830
20231101,3047
20231102,4554
20231103,2612
20231104,16512
20231105,2015
20231106,670
20231107,1894
20231108,2199
20231109,1932
20231110,2067
20231111,4012
20231112,3466
20231113,734
20231114,2941
20231115,1223
20231116,270
20231117,1028
20231118,2146
20231119,4039
20231120,946
20231121,1128
20231122,1257
20231123,903
20231124,447
20231125,1326
20231126,23604
20231127,276
20231128,607
20231129,316
20231130,208
20231201,277
20231202,1150
20231203,1590
20231204,554
20231205,542
20231206,318
20231207,553
20231208,888
20231209,5337
20231210,5776
20231211,119
20231212,451
20231213,569
20231214,171
20231215,77
20231216,553
20231217,5644
20231218,624
20231219,282
20231220,267
20231221,102
20231222,2823
20231223,338
20231224,904
20231225,732
20231226,547
20231227,643
20231228,518
20231229,651
20231230,344
20231231,950
20240101,2734
20240102,632
20240103,347
20240104,494
20240105,640
20240106,1944
20240107,724
20240108,246
20240109,205
20240110,354
20240111,379
20240112,1087
20240113,2411
20240114,631
20240115,368
20240116,437
20240117,302
20240118,625
20240119,832
20240120,1506
20240121,1716
20240122,187
20240123,2001
20240124,191
20240125,247
20240126,440
20240127,2106
20240128,2323
20240129,572
20240130,620
20240131,739
20240201,635
20240202,596
20240203,3224
20240204,5535
20240205,154
20240206,398
20240207,410
20240208,609
20240209,2894
20240210,4199
20240211,4817
20240212,6599
20240213,1671
20240214,1433
20240215,160
20240216,1010
20240217,7529
20240218,5695
20240219,253
20240220,1393
20240221,166
20240222,654
20240223,826
20240224,3715
20240225,2761
20240226,1950
20240227,3325
20240228,2627
20240229,2873
20240301,2894
20240302,2409
20240303,3617
20240304,880
20240305,444
20240306,759
20240307,526
20240308,718
20240309,4528
20240310,7941
20240311,711
20240312,459
20240313,904
20240314,2566
20240315,1542
20240316,18228
20240317,10180
20240318,1415
20240319,461
20240320,778
20240321,970
20240322,1271
20240323,14845
20240324,23347
20240325,631
20240326,699
20240327,1960
20240328,543
20240329,684
20240330,12075
20240331,22066
20240401,3244
20240402,3805
20240403,1475
20240404,5091
20240405,6896
20240406,30399
20240407,30201
20240408,6370
20240409,6700
20240410,28164
20240411,3881
20240412,4998
20240413,21322
20240414,18810
20240415,253
20240416,2239
20240417,4901
20240418,6732
20240419,5263
20240420,2958
20240421,14750
20240422,3131
20240423,3203
20240424,1387
20240425,5518
20240426,5693
20240427,17914
20240428,27013
20240429,2858
20240430,4609
20240501,18442
20240502,4795
20240503,6901
20240504,18179
20240505,1296
20240506,1897
20240507,2002
20240508,3434
20240509,4829
20240510,6412
20240511,5424
20240512,18354
20240513,4413
20240514,7757
20240515,8323
20240516,5006
20240517,9051
20240518,22019
20240519,18893
20240520,5312
20240521,7270
20240522,6783
20240523,7404
20240524,8799
20240525,26308
20240526,11910
20240527,6577
20240528,23910
20240529,17178
20240530,7509
20240531,7307
20240601,21779
20240602,21567
20240603,3703
20240604,3639
20240605,3388
20240606,17957
20240607,7883
20240608,5500
20240609,10902
20240610,1822
20240611,1460
20240612,1551
20240613,2467
20240614,1467
20240615,4691
20240616,7131
20240617,1349
20240618,1176
20240619,1170
20240620,788
20240621,994
20240622,949
20240623,5708
20240624,1231
20240625,1400
20240626,18678
20240627,1273
20240628,1121
20240629,4595
20240630,2892
20240701,920
20240702,137
20240703,850
20240704,1374
20240705,1084
20240706,2862
20240707,4853
20240708,193
20240709,469
20240710,813
20240711,1024
20240712,1044
20240713,3651
20240714,3112
20240715,659
20240716,628
20240717,813
20240718,57
20240719,876
20240720,1716
20240721,2642
20240722,555
20240723,331
20240724,687
20240725,677
20240726,558
20240727,1396
20240728,15915
20240729,1866
20240730,1671
20240731,1461
20240801,1661
20240802,1379
20240803,1628
20240804,991
20240805,503
20240806,544
20240807,519
20240808,642
20240809,461
20240810,1193
20240811,1248
20240812,470
20240813,1011
20240814,397
20240815,1472
20240816,627
20240817,1373
20240818,1224
20240819,334
20240820,327
20240821,204
20240822,908
20240823,911
20240824,2059
20240825,2551
20240826,592
20240827,666
20240828,743
20240829,724
20240830,4622
20240831,4186
20240901,5066
20240902,769
20240903,885
20240904,1001
20240905,652
20240906,1409
20240907,8236
20240908,7546
20240909,914
20240910,1074
20240911,533
20240912,275
20240913,321
20240914,4378
20240915,7522
20240916,9960
20240917,6862
20240918,4607
20240919,1043
20240920,384
20240921,4524
20240922,19603
20240923,2125
20240924,2174
20240925,2886
20240926,2347
20240927,5406
20240928,15431
20240929,16520
20240930,5780
20241001,10895
20241002,3947
20241003,24320
20241004,9883
20241005,18063
20241006,10449
20241007,2184
20241008,3884
20241009,22807
20241010,3663
20241011,5599
20241012,15856
20241013,16705
20241014,2997
20241015,3136
20241016,3875
20241017,5495
20241018,1799
20241019,13041
20241020,16097
20241021,3126
20241022,604
20241023,2622
20241024,4410
20241025,6674
20241026,17309
20241027,15364
20241028,4158
20241029,12627
20241030,4353
20241031,4692
20241101,5106
20241102,19658
20241103,19911
20241104,3128
20241105,2597
20241106,2889
20241107,2558
20241108,3263
20241109,14947
20241110,16377
20241111,3144
20241112,3766
20241113,2838
20241114,2344
20241115,3107
20241116,13651
20241117,7049
20241118,1070
20241119,968
20241120,987
20241121,1110
20241122,1389
20241123,5554
20241124,6907
20241125,1380
20241126,21825
20241127,214
20241128,0
20241129,1136
20241130,0
20241201,0
20241202,613
20241203,518
20241204,450
20241205,596
20241206,549
20241207,1646
20241208,1487
20241209,840
20241210,737
20241211,473
20241212,406
20241213,383
20241214,1017
20241215,1227
20241216,370
20241217,386
20241218,452
20241219,340
20241220,293
20241221,583
20241222,599
20241223,360
20241224,505
20241225,1595
20241226,424
20241227,709
20241228,715
20241229,1156
20241230,19266
20241231,730
20250101,2396
20250102,648
20250103,504
20250104,1517
20250105,357
20250106,267
20250107,335
20250108,279
20250109,112
20250110,194
20250111,708
20250112,934
20250113,313
20250114,437
20250115,351
20250116,344
20250117,469
20250118,2178
20250119,2327
20250120,469
20250121,383
20250122,532
20250123,472
20250124,585
20250125,3420
20250126,4038
20250127,746
20250128,530
20250129,856
20250130,1128
20250131,1070
20250201,2107
20250202,2828
20250203,291
20250204,197
20250205,196
20250206,200
20250207,105
20250208,565
20250209,848
20250210,328
20250211,558
20250212,214
20250213,404
20250214,896
20250215,3567
20250216,4727
20250217,503
20250218,508
20250219,407
20250220,633
20250221,487
20250222,1737
20250223,1555
20250224,617
20250225,893
20250226,1208
20250227,3079
20250228,3257
20250301,7109
20250302,3297
20250303,2970
20250304,155
20250305,412
20250306,710
20250307,718
20250308,9130
20250309,11727
20250310,1018
20250311,916
20250312,699
20250313,897
20250314,2040
20250315,18249
20250316,1700
20250317,533
20250318,231
20250319,563
20250320,1582
20250321,1706
20250322,19050
20250323,21332
20250324,1710
20250325,2533
20250326,1564
20250327,840
20250328,1632
20250329,4196
20250330,3679
20250331,1520
20250401,2300
20250402,1607
20250403,2862
20250404,4293
20250405,1201
20250406,25879
20250407,5349
20250408,5525
20250409,4321
20250410,5403
20250411,13434
20250412,9742
20250413,3230
20250414,459
20250415,3293
20250416,4878
20250417,5425
20250418,5041
20250419,3818
20250420,26496
20250421,5654
20250422,7945
20250423,5525
20250424,7025
20250425,6400
20250426,24113
20250427,21305
20250428,5106
20250429,5235
20250430,5986
20250501,2771
20250502,11903
20250503,7295
20250504,33907
20250505,38060
20250506,19169
20250507,3343
20250508,3929
20250509,2623
20250510,2241
20250511,18767
20250512,4439
20250513,6041
20250514,6523
20250515,2865
20250516,3108
20250517,19980
20250518,23568
20250519,3103
20250520,4586
20250521,5722
20250522,5779
20250523,9387
20250524,17392
20250525,27316
20250526,6959
20250527,22870
20250528,7166
20250529,7609
20250530,8483
20250531,28439
20250601,25752
20250602,6329
20250603,27827
20250604,6602
20250605,8239
20250606,29434
20250607,23675
20250608,15881
20250609,2792
20250610,2985
20250611,2411
20250612,2530
20250613,2773
20250614,7500
20250615,5116
20250616,1039
20250617,2811
20250618,1396
20250619,1296
20250620,140
20250621,4886
20250622,8512
20250623,1252
20250624,1320
20250625,565
20250626,1532
20250627,1648
20250628,2925
20250629,20724
20250630,1098
20250701,535
20250702,760
20250703,767
20250704,922
20250705,2876
20250706,2137
20250707,589
20250708,370
20250709,248
20250710,435
20250711,271
20250712,1123
20250713,1399
20250714,579
20250715,679
20250716,419
20250717,117
20250718,345
20250719,1247
20250720,3231
20250721,721
20250722,571
20250723,414
20250724,472
20250725,403
20250726,868
20250727,11106
20250728,916
20250729,494
20250730,489
20250731,1418
