일자,방문인원수,counterfactual_visitors,difference
2020-01-01,1239,1818,579
2020-01-02,866,224,-642
2020-01-03,812,417,-395
2020-01-04,2059,1426,-633
2020-01-05,2721,1220,-1501
2020-01-06,466,722,256
2020-01-07,281,222,-59
2020-01-08,622,553,-69
2020-01-09,1282,482,-800
2020-01-10,786,555,-231
2020-01-11,1961,1251,-710
2020-01-12,2180,1166,-1014
2020-01-13,732,297,-435
2020-01-14,895,394,-501
2020-01-15,857,360,-497
2020-01-16,762,399,-363
2020-01-17,674,554,-120
2020-01-18,2425,1711,-714
2020-01-19,1539,1353,-186
2020-01-20,761,334,-427
2020-01-21,763,374,-389
2020-01-22,780,543,-237
2020-01-23,809,724,-85
2020-01-24,2041,2671,630
2020-01-25,3800,3338,-462
2020-01-26,4597,4601,4
2020-01-27,2236,2949,713
2020-01-28,925,5782,4857
2020-01-29,757,1863,1106
2020-01-30,2013,1625,-388
2020-01-31,628,1399,771
2020-02-01,1251,2145,894
2020-02-02,1142,1840,698
2020-02-03,521,412,-109
2020-02-04,480,485,5
2020-02-05,301,210,-91
2020-02-06,343,311,-32
2020-02-07,415,494,79
2020-02-08,1313,1946,633
2020-02-09,1484,1865,381
2020-02-10,760,604,-156
2020-02-11,987,1205,218
2020-02-12,278,540,262
2020-02-13,721,1090,369
2020-02-14,1049,1618,569
2020-02-15,3226,3617,391
2020-02-16,665,455,-210
2020-02-17,378,230,-148
2020-02-18,630,504,-126
2020-02-19,822,680,-142
2020-02-20,882,1004,122
2020-02-21,565,714,149
2020-02-22,791,1636,845
2020-02-23,1714,3508,1794
2020-02-24,519,1390,871
2020-02-25,77,1770,1693
2020-02-26,1275,2043,768
2020-02-27,687,2334,1647
2020-02-28,1210,2187,977
2020-02-29,1384,7801,6417
2020-03-01,1062,4781,3719
2020-03-02,566,5636,5070
2020-03-03,569,549,-20
2020-03-04,372,707,335
2020-03-05,585,643,58
2020-03-06,793,1233,440
2020-03-07,2138,10992,8854
2020-03-08,4584,13099,8515
2020-03-09,920,2247,1327
2020-03-10,134,0,-134
2020-03-11,1117,932,-185
2020-03-12,1212,1446,234
2020-03-13,907,895,-12
2020-03-14,3569,8931,5362
2020-03-15,2683,9810,7127
2020-03-16,869,559,-310
2020-03-17,596,1140,544
2020-03-18,1808,1682,-126
2020-03-19,178,1562,1384
2020-03-20,1569,1767,198
2020-03-21,5907,18499,12592
2020-03-22,7744,17109,9365
2020-03-23,1814,1485,-329
2020-03-24,1988,1857,-131
2020-03-25,1998,1718,-280
2020-03-26,1218,2390,1172
2020-03-27,1462,1609,147
2020-03-28,6187,12536,6349
2020-03-29,8822,13201,4379
2020-03-30,2259,1428,-831
2020-03-31,2794,2684,-110
2020-04-01,2319,3497,1178
2020-04-02,3075,2870,-205
2020-04-03,3217,3156,-61
2020-04-04,7813,14098,6285
2020-04-05,7693,14193,6500
2020-04-06,2561,3182,621
2020-04-07,2433,3446,1013
2020-04-08,2634,3373,739
2020-04-09,2197,3324,1127
2020-04-10,2567,4294,1727
2020-04-11,6481,16958,10477
2020-04-12,5717,16946,11229
2020-04-13,2404,4114,1710
2020-04-14,3468,4692,1224
2020-04-15,7392,4785,-2607
2020-04-16,2648,5369,2721
2020-04-17,222,1929,1707
2020-04-18,10325,19299,8974
2020-04-19,2892,4711,1819
2020-04-20,719,2567,1848
2020-04-21,1039,2833,1794
2020-04-22,499,2915,2416
2020-04-23,3011,3676,665
2020-04-24,1572,4665,3093
2020-04-25,7857,19031,11174
2020-04-26,12018,19703,7685
2020-04-27,2268,6123,3855
2020-04-28,2980,6662,3682
2020-04-29,4256,7090,2834
2020-04-30,16598,20273,3675
2020-05-01,15733,12170,-3563
2020-05-02,13597,20575,6978
2020-05-03,10559,19657,9098
2020-05-04,10000,8405,-1595
2020-05-05,25907,21302,-4605
2020-05-06,3458,6648,3190
2020-05-07,3846,6496,2650
2020-05-08,2263,3578,1315
2020-05-09,521,3367,2846
2020-05-10,6871,12255,5384
2020-05-11,1814,2912,1098
2020-05-12,1787,4472,2685
2020-05-13,2644,6676,4032
2020-05-14,2399,6522,4123
2020-05-15,222,3055,2833
2020-05-16,4834,9996,5162
2020-05-17,8875,18923,10048
2020-05-18,933,2098,1165
2020-05-19,608,2521,1913
2020-05-20,2859,6718,3859
2020-05-21,3040,7436,4396
2020-05-22,2567,6937,4370
2020-05-23,12038,18529,6491
2020-05-24,5990,7992,2002
2020-05-25,2649,6170,3521
2020-05-26,2091,5909,3818
2020-05-27,7943,7457,-486
2020-05-28,2829,7817,4988
2020-05-29,2511,8224,5713
2020-05-30,8157,17421,9264
2020-05-31,7746,14009,6263
2020-06-01,2419,6654,4235
2020-06-02,758,3517,2759
2020-06-03,1887,5704,3817
2020-06-04,1942,4903,2961
2020-06-05,2268,5372,3104
2020-06-06,9246,15322,6076
2020-06-07,8306,15324,7018
2020-06-08,1799,11627,9828
2020-06-09,1584,2814,1230
2020-06-10,1546,3258,1712
2020-06-11,1565,2724,1159
2020-06-12,1819,3328,1509
2020-06-13,4621,5964,1343
2020-06-14,6533,7425,892
2020-06-15,1793,2871,1078
2020-06-16,1702,2874,1172
2020-06-17,1693,2576,883
2020-06-18,3264,3060,-204
2020-06-19,1826,3095,1269
2020-06-20,6019,8751,2732
2020-06-21,5512,6439,927
2020-06-22,975,1229,254
2020-06-23,1341,1762,421
2020-06-24,259,1695,1436
2020-06-25,767,2358,1591
2020-06-26,9415,6311,-3104
2020-06-27,6844,12470,5626
2020-06-28,6639,8727,2088
2020-06-29,1703,2309,606
2020-06-30,658,5672,5014
2020-07-01,1726,3660,1934
2020-07-02,1617,1475,-142
2020-07-03,1699,1362,-337
2020-07-04,7165,4675,-2490
2020-07-05,7115,9965,2850
2020-07-06,1361,1520,159
2020-07-07,1566,1618,52
2020-07-08,1283,1386,103
2020-07-09,1276,1026,-250
2020-07-10,1563,1359,-204
2020-07-11,6522,5614,-908
2020-07-12,6632,4543,-2089
2020-07-13,166,0,-166
2020-07-14,1600,1186,-414
2020-07-15,1945,1863,-82
2020-07-16,1505,1688,183
2020-07-17,1382,1688,306
2020-07-18,6974,5412,-1562
2020-07-19,1990,2293,303
2020-07-20,777,1396,619
2020-07-21,1683,1903,220
2020-07-22,625,1538,913
2020-07-23,341,889,548
2020-07-24,773,2623,1850
2020-07-25,8869,8837,-32
2020-07-26,8223,7330,-893
2020-07-27,887,1821,934
2020-07-28,1343,2782,1439
2020-07-29,4484,3173,-1311
2020-07-30,1977,2233,256
2020-07-31,2922,1606,-1316
2020-08-01,1751,1131,-620
2020-08-02,744,2030,1286
2020-08-03,324,0,-324
2020-08-04,1248,1234,-14
2020-08-05,707,810,103
2020-08-06,858,111,-747
2020-08-07,2138,2373,235
2020-08-08,2916,2296,-620
2020-08-09,250,1384,1134
2020-08-10,775,74,-701
2020-08-11,688,0,-688
2020-08-12,2017,1006,-1011
2020-08-13,1547,1033,-514
2020-08-14,953,1196,243
2020-08-15,1162,365,-797
2020-08-16,6705,4979,-1726
2020-08-17,3880,3495,-385
2020-08-18,801,1034,233
2020-08-19,1599,978,-621
2020-08-20,556,1137,581
2020-08-21,507,931,424
2020-08-22,976,2070,1094
2020-08-23,1923,8387,6464
2020-08-24,571,1000,429
2020-08-25,504,1071,567
2020-08-26,445,1314,869
2020-08-27,323,2023,1700
2020-08-28,439,2848,2409
2020-08-29,756,4673,3917
2020-08-30,1491,4542,3051
2020-08-31,757,1149,392
2020-09-01,910,1276,366
2020-09-02,265,332,67
2020-09-03,4967,579,-4388
2020-09-04,1984,3658,1674
2020-09-05,4480,14234,9754
2020-09-06,3416,8121,4705
2020-09-07,76,226,150
2020-09-08,2201,2335,134
2020-09-09,1003,2568,1565
2020-09-10,2243,1440,-803
2020-09-11,1557,2867,1310
2020-09-12,2947,7840,4893
2020-09-13,12859,15903,3044
2020-09-14,2085,2823,738
2020-09-15,2066,2413,347
2020-09-16,820,2436,1616
2020-09-17,1990,3750,1760
2020-09-18,3086,4673,1587
2020-09-19,12178,13012,834
2020-09-20,13140,16334,3194
2020-09-21,2247,2875,628
2020-09-22,2214,3484,1270
2020-09-23,2052,3786,1734
2020-09-24,2298,4272,1974
2020-09-25,2335,5506,3171
2020-09-26,13447,17750,4303
2020-09-27,16860,18470,1610
2020-09-28,2594,5268,2674
2020-09-29,2608,4818,2210
2020-09-30,8986,10049,1063
2020-10-01,12365,21992,9627
2020-10-02,14323,22673,8350
2020-10-03,17995,22961,4966
2020-10-04,12932,18831,5899
2020-10-05,2634,18696,16062
2020-10-06,2407,5254,2847
2020-10-07,2600,5769,3169
2020-10-08,3057,5958,2901
2020-10-09,20177,20260,83
2020-10-10,16405,17505,1100
2020-10-11,16264,17571,1307
2020-10-12,2757,5311,2554
2020-10-13,2857,4587,1730
2020-10-14,2933,4696,1763
2020-10-15,4093,4714,621
2020-10-16,2772,5806,3034
2020-10-17,16441,17081,640
2020-10-18,19461,17305,-2156
2020-10-19,3141,4414,1273
2020-10-20,3559,4774,1215
2020-10-21,3093,4711,1618
2020-10-22,2704,4876,2172
2020-10-23,4009,5392,1383
2020-10-24,16500,14083,-2417
2020-10-25,19042,16550,-2492
2020-10-26,4035,5104,1069
2020-10-27,3842,5441,1599
2020-10-28,11655,5446,-6209
2020-10-29,4267,5569,1302
2020-10-30,4856,6722,1866
2020-10-31,20185,15847,-4338
2020-11-01,2763,4881,2118
2020-11-02,3832,2753,-1079
2020-11-03,2520,2423,-97
2020-11-04,2146,2257,111
2020-11-05,3091,3015,-76
2020-11-06,2812,3963,1151
2020-11-07,12821,9476,-3345
2020-11-08,14694,8292,-6402
2020-11-09,1919,1546,-373
2020-11-10,2248,2141,-107
2020-11-11,2747,2501,-246
2020-11-12,2673,2575,-98
2020-11-13,3375,3388,13
2020-11-14,9802,9243,-559
2020-11-15,9447,9431,-16
2020-11-16,1811,2281,470
2020-11-17,1685,2345,660
2020-11-18,809,2083,1274
2020-11-19,256,773,517
2020-11-20,976,2025,1049
2020-11-21,4101,4297,196
2020-11-22,2557,2023,-534
2020-11-23,762,1058,296
2020-11-24,819,1672,853
2020-11-25,911,2050,1139
2020-11-26,10031,2946,-7085
2020-11-27,784,3392,2608
2020-11-28,1651,4223,2572
2020-11-29,9912,4639,-5273
2020-11-30,576,2031,1455
2020-12-01,727,738,11
2020-12-02,628,1005,377
2020-12-03,614,1879,1265
2020-12-04,678,2188,1510
2020-12-05,1701,4628,2927
2020-12-06,2385,5176,2791
2020-12-07,928,1303,375
2020-12-08,591,1519,928
2020-12-09,615,1667,1052
2020-12-10,683,1670,987
2020-12-11,7810,2225,-5585
2020-12-12,1641,4302,2661
2020-12-13,644,2142,1498
2020-12-14,217,939,722
2020-12-15,101,1301,1200
2020-12-16,114,1365,1251
2020-12-17,133,1460,1327
2020-12-18,230,1930,1700
2020-12-19,380,3419,3039
2020-12-20,696,3611,2915
2020-12-21,231,962,731
2020-12-22,282,1441,1159
2020-12-23,288,1454,1166
2020-12-24,347,1962,1615
2020-12-25,1058,3044,1986
2020-12-26,1356,3290,1934
2020-12-27,1876,6320,4444
2020-12-28,802,4604,3802
2020-12-29,244,1846,1602
2020-12-30,72,976,904
2020-12-31,139,812,673
2021-01-01,633,2459,1826
2021-01-02,928,1496,568
2021-01-03,625,1071,446
2021-01-04,199,401,202
2021-01-05,162,272,110
2021-01-06,265,611,346
2021-01-07,74,181,107
2021-01-08,63,236,173
2021-01-09,165,732,567
2021-01-10,527,680,153
2021-01-11,103,142,39
2021-01-12,176,816,640
2021-01-13,851,533,-318
2021-01-14,446,500,54
2021-01-15,283,966,683
2021-01-16,1147,1023,-124
2021-01-17,771,940,169
2021-01-18,87,214,127
2021-01-19,158,264,106
2021-01-20,398,393,-5
2021-01-21,200,873,673
2021-01-22,343,1005,662
2021-01-23,4556,5679,1123
2021-01-24,8227,5603,-2624
2021-01-25,1132,1063,-69
2021-01-26,218,1611,1393
2021-01-27,745,1153,408
2021-01-28,119,1411,1292
2021-01-29,107,1098,991
2021-01-30,1503,1356,-147
2021-01-31,4007,2556,-1451
2021-02-01,515,614,99
2021-02-02,192,312,120
2021-02-03,208,553,345
2021-02-04,244,296,52
2021-02-05,361,611,250
2021-02-06,3512,5511,1999
2021-02-07,2477,2749,272
2021-02-08,246,404,158
2021-02-09,371,483,112
2021-02-10,682,681,-1
2021-02-11,3950,4275,325
2021-02-12,5530,5757,227
2021-02-13,7588,6612,-976
2021-02-14,4395,7656,3261
2021-02-15,456,2086,1630
2021-02-16,101,638,537
2021-02-17,116,304,188
2021-02-18,165,432,267
2021-02-19,1643,1000,-643
2021-02-20,6203,7288,1085
2021-02-21,11897,9696,-2201
2021-02-22,1585,1012,-573
2021-02-23,734,545,-189
2021-02-24,1212,861,-351
2021-02-25,1167,1305,138
2021-02-26,2913,2845,-68
2021-02-27,11624,10648,-976
2021-02-28,15378,10398,-4980
2021-03-01,113,1126,1013
2021-03-02,641,515,-126
2021-03-03,836,603,-233
2021-03-04,616,1094,478
2021-03-05,1373,1738,365
2021-03-06,10282,10104,-178
2021-03-07,11425,9673,-1752
2021-03-08,1149,1349,200
2021-03-09,1034,1634,600
2021-03-10,1260,1478,218
2021-03-11,2395,1774,-621
2021-03-12,347,2399,2052
2021-03-13,10069,14225,4156
2021-03-14,8828,14049,5221
2021-03-15,916,761,-155
2021-03-16,706,625,-81
2021-03-17,1078,1324,246
2021-03-18,1242,1900,658
2021-03-19,1687,3110,1423
2021-03-20,801,6333,5532
2021-03-21,10370,8359,-2011
2021-03-22,1088,569,-519
2021-03-23,1086,1212,126
2021-03-24,1101,1774,673
2021-03-25,1628,2023,395
2021-03-26,1453,3084,1631
2021-03-27,1291,6834,5543
2021-03-28,2007,6139,4132
2021-03-29,802,274,-528
2021-03-30,1616,1792,176
2021-03-31,3512,2475,-1037
2021-04-01,4433,5696,1263
2021-04-02,5286,5272,-14
2021-04-03,491,5581,5090
2021-04-04,15169,13362,-1807
2021-04-05,4368,3481,-887
2021-04-06,3724,4595,871
2021-04-07,4132,5057,925
2021-04-08,3214,4920,1706
2021-04-09,5688,5495,-193
2021-04-10,21369,21658,289
2021-04-11,20591,23069,2478
2021-04-12,319,2555,2236
2021-04-13,1458,1248,-210
2021-04-14,2003,2907,904
2021-04-15,2301,4246,1945
2021-04-16,585,3285,2700
2021-04-17,5544,16199,10655
2021-04-18,23276,16334,-6942
2021-04-19,2765,4301,1536
2021-04-20,2360,5032,2672
2021-04-21,2341,4888,2547
2021-04-22,1817,5725,3908
2021-04-23,2214,5618,3404
2021-04-24,15031,19135,4104
2021-04-25,17717,19651,1934
2021-04-26,2483,7092,4609
2021-04-27,1771,4772,3001
2021-04-28,1459,4251,2792
2021-04-29,1594,5262,3668
2021-04-30,1259,5523,4264
2021-05-01,5173,11418,6245
2021-05-02,17650,9579,-8071
2021-05-03,5302,8167,2865
2021-05-04,536,2659,2123
2021-05-05,46206,17616,-28590
2021-05-06,5036,5446,410
2021-05-07,1287,1271,-16
2021-05-08,3533,16145,12612
2021-05-09,12740,16266,3526
2021-05-10,322,5048,4726
2021-05-11,4631,6074,1443
2021-05-12,2227,5993,3766
2021-05-13,2823,5542,2719
2021-05-14,3140,6902,3762
2021-05-15,2672,6667,3995
2021-05-16,426,5787,5361
2021-05-17,542,2855,2313
2021-05-18,3884,6721,2837
2021-05-19,24671,19585,-5086
2021-05-20,1304,5398,4094
2021-05-21,1711,3910,2199
2021-05-22,19649,15293,-4356
2021-05-23,17161,18431,1270
2021-05-24,3989,6433,2444
2021-05-25,2173,3696,1523
2021-05-26,4690,7370,2680
2021-05-27,1004,4329,3325
2021-05-28,1298,4817,3519
2021-05-29,12491,14736,2245
2021-05-30,30143,8630,-21513
2021-05-31,3012,5558,2546
2021-06-01,3165,5421,2256
2021-06-02,3384,5370,1986
2021-06-03,701,2741,2040
2021-06-04,4275,6174,1899
2021-06-05,14463,16207,1744
2021-06-06,13620,17835,4215
2021-06-07,2734,19300,16566
2021-06-08,3985,3842,-143
2021-06-09,1902,3538,1636
2021-06-10,1877,3127,1250
2021-06-11,1625,3564,1939
2021-06-12,8613,11166,2553
2021-06-13,7449,9803,2354
2021-06-14,1715,2343,628
2021-06-15,842,2800,1958
2021-06-16,2153,3273,1120
2021-06-17,1760,3751,1991
2021-06-18,612,2852,2240
2021-06-19,9749,11539,1790
2021-06-20,8337,10859,2522
2021-06-21,1609,2515,906
2021-06-22,1406,2968,1562
2021-06-23,948,2360,1412
2021-06-24,1303,3188,1885
2021-06-25,1821,3607,1786
2021-06-26,6151,6399,248
2021-06-27,23485,8471,-15014
2021-06-28,710,5260,4550
2021-06-29,1089,2511,1422
2021-06-30,663,3090,2427
2021-07-01,894,1209,315
2021-07-02,1050,1209,159
2021-07-03,2370,1295,-1075
2021-07-04,1094,2572,1478
2021-07-05,1459,1866,407
2021-07-06,1235,2391,1156
2021-07-07,719,863,144
2021-07-08,597,1620,1023
2021-07-09,758,1539,781
2021-07-10,2216,3755,1539
2021-07-11,1731,4265,2534
2021-07-12,596,847,251
2021-07-13,516,820,304
2021-07-14,473,827,354
2021-07-15,391,865,474
2021-07-16,344,1116,772
2021-07-17,1315,3479,2164
2021-07-18,1424,3658,2234
2021-07-19,345,677,332
2021-07-20,1987,1272,-715
2021-07-21,277,371,94
2021-07-22,264,384,120
2021-07-23,238,154,-84
2021-07-24,578,1964,1386
2021-07-25,9812,2250,-7562
2021-07-26,399,1574,1175
2021-07-27,246,1586,1340
2021-07-28,281,1516,1235
2021-07-29,475,1697,1222
2021-07-30,446,785,339
2021-07-31,1157,1693,536
2021-08-01,1176,1474,298
2021-08-02,1191,1438,247
2021-08-03,1326,1363,37
2021-08-04,986,1186,200
2021-08-05,1495,956,-539
2021-08-06,757,1469,712
2021-08-07,2232,4535,2303
2021-08-08,2267,1665,-602
2021-08-09,816,751,-65
2021-08-10,608,1046,438
2021-08-11,682,1047,365
2021-08-12,779,1098,319
2021-08-13,1184,1547,363
2021-08-14,5347,6025,678
2021-08-15,7148,5977,-1171
2021-08-16,5792,3329,-2463
2021-08-17,1312,1046,-266
2021-08-18,889,989,100
2021-08-19,1721,1227,-494
2021-08-20,1339,1526,187
2021-08-21,1164,2182,1018
2021-08-22,8136,9997,1861
2021-08-23,409,1062,653
2021-08-24,239,1264,1025
2021-08-25,1696,1751,55
2021-08-26,1299,1961,662
2021-08-27,381,3391,3010
2021-08-28,11137,13877,2740
2021-08-29,9178,10965,1787
2021-08-30,1723,2099,376
2021-08-31,242,5056,4814
2021-09-01,631,3111,2480
2021-09-02,1566,2651,1085
2021-09-03,2412,3055,643
2021-09-04,15612,14633,-979
2021-09-05,15370,14357,-1013
2021-09-06,1595,953,-642
2021-09-07,137,692,555
2021-09-08,1673,1664,-9
2021-09-09,1889,2620,731
2021-09-10,3842,3741,-101
2021-09-11,11735,13147,1412
2021-09-12,12755,12740,-15
2021-09-13,1442,1319,-123
2021-09-14,1405,1759,354
2021-09-15,1313,2554,1241
2021-09-16,1336,2815,1479
2021-09-17,1335,4207,2872
2021-09-18,9152,14479,5327
2021-09-19,12678,15672,2994
2021-09-20,19167,13473,-5694
2021-09-21,7751,6483,-1268
2021-09-22,10551,10704,153
2021-09-23,4100,3639,-461
2021-09-24,3257,4945,1688
2021-09-25,10698,17194,6496
2021-09-26,11145,17795,6650
2021-09-27,1478,4611,3133
2021-09-28,1124,4126,3002
2021-09-29,169,3830,3661
2021-09-30,1840,5042,3202
2021-10-01,2313,1911,-402
2021-10-02,12400,20514,8114
2021-10-03,16853,24703,7850
2021-10-04,5215,18051,12836
2021-10-05,1259,8280,7021
2021-10-06,353,5060,4707
2021-10-07,914,4678,3764
2021-10-08,715,4229,3514
2021-10-09,13776,18074,4298
2021-10-10,6376,6468,92
2021-10-11,14410,13539,-871
2021-10-12,1763,4529,2766
2021-10-13,2368,4537,2169
2021-10-14,2310,4700,2390
2021-10-15,1857,5737,3880
2021-10-16,7823,15687,7864
2021-10-17,5034,11538,6504
2021-10-18,3236,2658,-578
2021-10-19,1091,2809,1718
2021-10-20,1863,4418,2555
2021-10-21,1938,4440,2502
2021-10-22,2386,5630,3244
2021-10-23,11525,16782,5257
2021-10-24,14344,17160,2816
2021-10-25,2267,4435,2168
2021-10-26,2433,5498,3065
2021-10-27,20162,5618,-14544
2021-10-28,3071,5660,2589
2021-10-29,3468,7296,3828
2021-10-30,13047,17008,3961
2021-10-31,15648,13494,-2154
2021-11-01,3168,3726,558
2021-11-02,3353,3974,621
2021-11-03,3310,3998,688
2021-11-04,2533,3838,1305
2021-11-05,3846,4265,419
2021-11-06,15092,12214,-2878
2021-11-07,16700,11771,-4929
2021-11-08,171,1233,1062
2021-11-09,385,1772,1387
2021-11-10,930,1620,690
2021-11-11,1515,1799,284
2021-11-12,1593,2405,812
2021-11-13,6639,7069,430
2021-11-14,8436,10068,1632
2021-11-15,1680,1981,301
2021-11-16,3665,2055,-1610
2021-11-17,1631,1946,315
2021-11-18,1073,2692,1619
2021-11-19,1748,3380,1632
2021-11-20,4321,8493,4172
2021-11-21,3040,5530,2490
2021-11-22,683,984,301
2021-11-23,436,1182,746
2021-11-24,523,1705,1182
2021-11-25,665,2012,1347
2021-11-26,16233,3254,-12979
2021-11-27,15992,5405,-10587
2021-11-28,4650,6279,1629
2021-11-29,1137,2749,1612
2021-11-30,141,7575,7434
2021-12-01,321,774,453
2021-12-02,386,843,457
2021-12-03,361,1243,882
2021-12-04,1741,2571,830
2021-12-05,2830,2587,-243
2021-12-06,696,825,129
2021-12-07,1776,920,-856
2021-12-08,744,1022,278
2021-12-09,645,928,283
2021-12-10,404,1796,1392
2021-12-11,2688,6031,3343
2021-12-12,2415,4336,1921
2021-12-13,267,1089,822
2021-12-14,568,1813,1245
2021-12-15,339,1285,946
2021-12-16,355,1468,1113
2021-12-17,343,1839,1496
2021-12-18,312,1968,1656
2021-12-19,573,3158,2585
2021-12-20,471,964,493
2021-12-21,460,1351,891
2021-12-22,427,1566,1139
2021-12-23,430,1738,1308
2021-12-24,303,2197,1894
2021-12-25,390,4202,3812
2021-12-26,223,4033,3810
2021-12-27,12955,3202,-9753
2021-12-28,317,3824,3507
2021-12-29,394,4280,3886
2021-12-30,420,3209,2789
2021-12-31,202,2607,2405
2022-01-01,1043,3579,2536
2022-01-02,1084,2377,1293
2022-01-03,324,3148,2824
2022-01-04,417,1919,1502
2022-01-05,349,1849,1500
2022-01-06,933,1956,1023
2022-01-07,463,2204,1741
2022-01-08,1431,3444,2013
2022-01-09,1116,3357,2241
2022-01-10,367,1910,1543
2022-01-11,249,1697,1448
2022-01-12,139,1777,1638
2022-01-13,1276,1882,606
2022-01-14,224,2159,1935
2022-01-15,1433,3044,1611
2022-01-16,1262,3035,1773
2022-01-17,283,1491,1208
2022-01-18,358,1746,1388
2022-01-19,240,2455,2215
2022-01-20,327,1915,1588
2022-01-21,386,2180,1794
2022-01-22,1882,3712,1830
2022-01-23,2805,3768,963
2022-01-24,746,1928,1182
2022-01-25,267,2265,1998
2022-01-26,558,2459,1901
2022-01-27,476,2528,2052
2022-01-28,426,4184,3758
2022-01-29,1237,5715,4478
2022-01-30,1951,4475,2524
2022-01-31,2755,3651,896
2022-02-01,1096,4250,3154
2022-02-02,1651,3928,2277
2022-02-03,652,2163,1511
2022-02-04,374,2327,1953
2022-02-05,509,3351,2842
2022-02-06,860,3344,2484
2022-02-07,275,1874,1599
2022-02-08,591,2142,1551
2022-02-09,564,2238,1674
2022-02-10,704,2314,1610
2022-02-11,755,2741,1986
2022-02-12,2875,5353,2478
2022-02-13,4327,5258,931
2022-02-14,721,1896,1175
2022-02-15,2350,2072,-278
2022-02-16,282,1902,1620
2022-02-17,215,2101,1886
2022-02-18,599,2399,1800
2022-02-19,2013,3729,1716
2022-02-20,1677,4267,2590
2022-02-21,364,1597,1233
2022-02-22,380,2024,1644
2022-02-23,337,1922,1585
2022-02-24,656,2431,1775
2022-02-25,1254,3228,1974
2022-02-26,1947,6125,4178
2022-02-27,6364,8062,1698
2022-02-28,3653,2182,-1471
2022-03-01,4485,3635,-850
2022-03-02,902,576,-326
2022-03-03,927,689,-238
2022-03-04,614,1133,519
2022-03-05,2774,6403,3629
2022-03-06,4926,6316,1390
2022-03-07,755,623,-132
2022-03-08,1096,1005,-91
2022-03-09,12164,1478,-10686
2022-03-10,1044,1641,597
2022-03-11,1440,2258,818
2022-03-12,10364,6953,-3411
2022-03-13,1397,2045,648
2022-03-14,135,0,-135
2022-03-15,1287,1133,-154
2022-03-16,1520,1564,44
2022-03-17,2283,1078,-1205
2022-03-18,556,1505,949
2022-03-19,504,1506,1002
2022-03-20,7728,11314,3586
2022-03-21,1259,184,-1075
2022-03-22,1348,777,-571
2022-03-23,777,631,-146
2022-03-24,1079,1150,71
2022-03-25,1185,851,-334
2022-03-26,3615,6385,2770
2022-03-27,15630,14908,-722
2022-03-28,3633,1141,-2492
2022-03-29,2389,1334,-1055
2022-03-30,670,249,-421
2022-03-31,1516,1889,373
2022-04-01,3094,5208,2114
2022-04-02,19080,19240,160
2022-04-03,20368,21140,772
2022-04-04,2616,4028,1412
2022-04-05,2293,4000,1707
2022-04-06,2635,5527,2892
2022-04-07,2425,5026,2601
2022-04-08,5368,7055,1687
2022-04-09,22965,24373,1408
2022-04-10,24296,29507,5211
2022-04-11,6053,7145,1092
2022-04-12,4761,6677,1916
2022-04-13,831,5407,4576
2022-04-14,2172,6382,4210
2022-04-15,5086,6999,1913
2022-04-16,22173,25802,3629
2022-04-17,22239,25970,3731
2022-04-18,3122,6111,2989
2022-04-19,5147,6564,1417
2022-04-20,3229,6572,3343
2022-04-21,3143,7323,4180
2022-04-22,2171,7336,5165
2022-04-23,18329,25308,6979
2022-04-24,17940,19965,2025
2022-04-25,2604,5917,3313
2022-04-26,2563,7506,4943
2022-04-27,3095,8578,5483
2022-04-28,4191,10459,6268
2022-04-29,3185,7157,3972
2022-04-30,20693,25213,4520
2022-05-01,16307,21591,5284
2022-05-02,3893,7869,3976
2022-05-03,3594,7410,3816
2022-05-04,6421,7483,1062
2022-05-05,46381,22158,-24223
2022-05-06,13667,6220,-7447
2022-05-07,10100,12526,2426
2022-05-08,6887,9196,2309
2022-05-09,3350,18363,15013
2022-05-10,3458,5792,2334
2022-05-11,3399,5730,2331
2022-05-12,3523,6076,2553
2022-05-13,6037,6182,145
2022-05-14,12924,18178,5254
2022-05-15,13663,18657,4994
2022-05-16,3881,5978,2097
2022-05-17,4384,6241,1857
2022-05-18,3217,4793,1576
2022-05-19,5872,6692,820
2022-05-20,11668,7003,-4665
2022-05-21,15593,18347,2754
2022-05-22,15974,18532,2558
2022-05-23,4327,5178,851
2022-05-24,5103,5717,614
2022-05-25,5800,4352,-1448
2022-05-26,6660,7515,855
2022-05-27,7146,8297,1151
2022-05-28,36225,25356,-10869
2022-05-29,15590,24267,8677
2022-05-30,3877,9381,5504
2022-05-31,6274,9688,3414
2022-06-01,17053,6843,-10210
2022-06-02,4831,8068,3237
2022-06-03,4426,8250,3824
2022-06-04,12333,16980,4647
2022-06-05,16564,20509,3945
2022-06-06,9282,18270,8988
2022-06-07,3572,7688,4116
2022-06-08,3123,8168,5045
2022-06-09,2045,5564,3519
2022-06-10,3588,6741,3153
2022-06-11,8456,16230,7774
2022-06-12,8738,16107,7369
2022-06-13,4221,1213,-3008
2022-06-14,2084,3644,1560
2022-06-15,829,1536,707
2022-06-16,2084,3495,1411
2022-06-17,2456,3456,1000
2022-06-18,6082,10478,4396
2022-06-19,7232,10547,3315
2022-06-20,1732,2059,327
2022-06-21,1506,1802,296
2022-06-22,1690,1925,235
2022-06-23,430,1152,722
2022-06-24,1439,1862,423
2022-06-25,5193,6273,1080
2022-06-26,18829,7054,-11775
2022-06-27,459,3335,2876
2022-06-28,404,3912,3508
2022-06-29,239,4714,4475
2022-06-30,108,4789,4681
2022-07-01,1188,953,-235
2022-07-02,2745,3104,359
2022-07-03,1965,3171,1206
2022-07-04,516,615,99
2022-07-05,459,591,132
2022-07-06,536,506,-30
2022-07-07,280,767,487
2022-07-08,743,1198,455
2022-07-09,2469,3034,565
2022-07-10,1722,3130,1408
2022-07-11,472,883,411
2022-07-12,711,948,237
2022-07-13,149,83,-66
2022-07-14,753,994,241
2022-07-15,1243,1279,36
2022-07-16,2437,1508,-929
2022-07-17,3223,5628,2405
2022-07-18,5216,971,-4245
2022-07-19,755,1133,378
2022-07-20,774,936,162
2022-07-21,676,1281,605
2022-07-22,756,1743,987
2022-07-23,10918,3305,-7613
2022-07-24,3068,5613,2545
2022-07-25,1208,1171,-37
2022-07-26,833,2096,1263
2022-07-27,1005,1807,802
2022-07-28,1014,1968,954
2022-07-29,854,1120,266
2022-07-30,1277,977,-300
2022-07-31,856,3309,2453
2022-08-01,1417,914,-503
2022-08-02,938,807,-131
2022-08-03,1286,177,-1109
2022-08-04,2637,983,-1654
2022-08-05,1023,902,-121
2022-08-06,1584,1005,-579
2022-08-07,1697,2240,543
2022-08-08,177,0,-177
2022-08-09,69,0,-69
2022-08-10,875,587,-288
2022-08-11,531,0,-531
2022-08-12,1521,1166,-355
2022-08-13,1703,3116,1413
2022-08-14,5632,2084,-3548
2022-08-15,4618,1840,-2778
2022-08-16,1531,813,-718
2022-08-17,1324,944,-380
2022-08-18,1640,1233,-407
2022-08-19,1116,0,-1116
2022-08-20,5437,4863,-574
2022-08-21,4690,5234,544
2022-08-22,1408,620,-788
2022-08-23,1137,750,-387
2022-08-24,1568,1723,155
2022-08-25,803,1962,1159
2022-08-26,1885,4045,2160
2022-08-27,16188,5401,-10787
2022-08-28,14964,14684,-280
2022-08-29,917,2647,1730
2022-08-30,184,4636,4452
2022-08-31,1678,3382,1704
2022-09-01,2141,1995,-146
2022-09-02,2584,2227,-357
2022-09-03,13485,12425,-1060
2022-09-04,790,4803,4013
2022-09-05,55,0,-55
2022-09-06,1340,522,-818
2022-09-07,2223,2223,0
2022-09-08,2057,2351,294
2022-09-09,10663,13261,2598
2022-09-10,13924,15627,1703
2022-09-11,16246,12370,-3876
2022-09-12,14399,12977,-1422
2022-09-13,2526,11124,8598
2022-09-14,1606,1689,83
2022-09-15,2073,1136,-937
2022-09-16,2332,839,-1493
2022-09-17,7960,6489,-1471
2022-09-18,9012,9318,306
2022-09-19,1905,1769,-136
2022-09-20,2651,3061,410
2022-09-21,2964,3115,151
2022-09-22,4536,3375,-1161
2022-09-23,3468,2898,-570
2022-09-24,16093,16533,440
2022-09-25,13925,16717,2792
2022-09-26,2946,4465,1519
2022-09-27,7608,4673,-2935
2022-09-28,4835,4942,107
2022-09-29,2630,5354,2724
2022-09-30,4460,6385,1925
2022-10-01,13785,19320,5535
2022-10-02,12071,7145,-4926
2022-10-03,560,9826,9266
2022-10-04,1571,3479,1908
2022-10-05,3310,5159,1849
2022-10-06,2908,5646,2738
2022-10-07,4548,6210,1662
2022-10-08,17148,19973,2825
2022-10-09,1749,8616,6867
2022-10-10,3701,13898,10197
2022-10-11,2339,4392,2053
2022-10-12,3944,4925,981
2022-10-13,5192,6086,894
2022-10-14,5034,6622,1588
2022-10-15,14951,18660,3709
2022-10-16,13354,18656,5302
2022-10-17,2944,3957,1013
2022-10-18,2905,4327,1422
2022-10-19,3187,4537,1350
2022-10-20,4181,5163,982
2022-10-21,6339,6261,-78
2022-10-22,14033,19470,5437
2022-10-23,15734,18979,3245
2022-10-24,3200,4127,927
2022-10-25,3097,4808,1711
2022-10-26,7256,5716,-1540
2022-10-27,4482,5834,1352
2022-10-28,5649,9084,3435
2022-10-29,16415,22508,6093
2022-10-30,28609,21083,-7526
2022-10-31,3917,4982,1065
2022-11-01,3287,3863,576
2022-11-02,3462,3847,385
2022-11-03,2676,3385,709
2022-11-04,3125,3311,186
2022-11-05,9610,7924,-1686
2022-11-06,11245,9884,-1361
2022-11-07,1770,2662,892
2022-11-08,2388,2954,566
2022-11-09,2375,2901,526
2022-11-10,2211,2911,700
2022-11-11,3204,3672,468
2022-11-12,5797,3031,-2766
2022-11-13,5201,8747,3546
2022-11-14,1544,1941,397
2022-11-15,1053,1444,391
2022-11-16,1225,1972,747
2022-11-17,1760,2223,463
2022-11-18,1789,3000,1211
2022-11-19,8285,9498,1213
2022-11-20,9544,9959,415
2022-11-21,1633,1898,265
2022-11-22,849,2052,1203
2022-11-23,4321,2179,-2142
2022-11-24,1185,2329,1144
2022-11-25,1327,2527,1200
2022-11-26,22632,7450,-15182
2022-11-27,3845,6511,2666
2022-11-28,333,3979,3646
2022-11-29,458,3430,2972
2022-11-30,219,2306,2087
2022-12-01,239,469,230
2022-12-02,350,951,601
2022-12-03,1148,1541,393
2022-12-04,1015,1695,680
2022-12-05,423,528,105
2022-12-06,290,507,217
2022-12-07,413,507,94
2022-12-08,561,857,296
2022-12-09,530,1110,580
2022-12-10,1995,2283,288
2022-12-11,2079,2291,212
2022-12-12,405,454,49
2022-12-13,250,370,120
2022-12-14,142,342,200
2022-12-15,183,581,398
2022-12-16,158,519,361
2022-12-17,423,397,-26
2022-12-18,294,1383,1089
2022-12-19,1591,101,-1490
2022-12-20,331,348,17
2022-12-21,276,706,430
2022-12-22,281,252,-29
2022-12-23,106,535,429
2022-12-24,380,1104,724
2022-12-25,11398,2332,-9066
2022-12-26,325,2564,2239
2022-12-27,345,1236,891
2022-12-28,442,1111,669
2022-12-29,394,1224,830
2022-12-30,2546,1263,-1283
2022-12-31,970,1311,341
