date,predicted_visitors,busy_probability,weather_source,average_temperature,average_precipitation,벚꽃행사시즌,야간개장시즌,어린이행사시즌,가을축제시즌,season_active_count,congestion_level,is_weekend,is_holiday
2025-08-01,854,0.0007744673925677219,climatology,28.589999999999996,11.93,0,0,0,0,0,한산함,False,False
2025-08-02,2183,0.0017064215802037631,climatology,28.330000000000002,8.51,0,0,0,0,0,한산함,True,False
2025-08-03,1378,0.0013799567244458183,climatology,28.95,15.669999999999998,0,0,0,0,0,한산함,True,False
2025-08-04,996,0.00030509833732611334,climatology,29.45,1.25,0,0,0,0,0,한산함,False,False
2025-08-05,921,0.0005154977707514264,climatology,29.73,2.1900000000000004,0,0,0,0,0,한산함,False,False
2025-08-06,712,0.0006195638350071841,climatology,29.189999999999998,10.57,0,0,0,0,0,한산함,False,False
2025-08-07,776,0.0003727130834156661,climatology,28.73,2.33,0,0,0,0,0,한산함,False,False
2025-08-08,431,0.0003554274849117707,climatology,28.24,16.89,0,0,0,0,0,한산함,False,False
2025-08-09,2087,0.0007785058836596085,climatology,27.810000000000002,17.91,0,0,0,0,0,한산함,True,False
2025-08-10,2759,0.0008847522667431993,climatology,27.45,14.38,0,0,0,0,0,한산함,True,False
2025-08-11,898,0.0006555773066410789,climatology,27.7,18.97,0,0,0,0,0,한산함,False,False
2025-08-12,1207,0.0014513758371787135,climatology,27.810000000000002,6.2700000000000005,0,0,0,0,0,한산함,False,False
2025-08-13,906,0.00041404853561529553,climatology,28.139999999999997,1.1400000000000001,0,0,0,0,0,한산함,False,False
2025-08-14,812,0.00024141056722849538,climatology,28.139999999999997,0.8099999999999999,0,0,0,0,0,한산함,False,False
2025-08-15,3634,0.0008264121181788007,climatology,27.46,18.71,0,0,0,0,0,보통,False,True
2025-08-16,3861,0.007858458559525007,climatology,27.27,3.19,0,0,0,0,0,보통,True,False
2025-08-17,4347,0.008984425624683604,climatology,27.25,2.08,0,0,0,0,0,보통,True,False
2025-08-18,1411,0.0002442132054872263,climatology,27.24,0.57,0,0,0,0,0,한산함,False,False
2025-08-19,1237,0.0015105176071274968,climatology,27.419999999999998,7.989999999999999,0,0,0,0,0,한산함,False,False
2025-08-20,887,0.001181949026714313,climatology,27.82,12.49,0,0,0,0,0,한산함,False,False
2025-08-21,909,0.0006424068070665428,climatology,27.169999999999998,12.129999999999999,0,0,0,0,0,한산함,False,False
2025-08-22,920,0.0010253717711184189,climatology,27.28,8.940000000000001,0,0,0,0,0,한산함,False,False
2025-08-23,3093,0.008601796161408423,climatology,26.369999999999997,9.39,0,0,0,0,0,보통,True,False
2025-08-24,3232,0.013274651364509504,climatology,25.910000000000004,3.9200000000000004,0,0,0,0,0,보통,True,False
2025-08-25,833,0.0011987452542442636,climatology,25.639999999999997,1.19,0,0,0,0,0,한산함,False,False
2025-08-26,1142,0.014097280429765706,climatology,25.27,2.33,0,0,0,0,0,한산함,False,False
2025-08-27,1023,0.018316227196250427,climatology,24.28,6.7,0,0,0,0,0,한산함,False,False
2025-08-28,522,0.006101550069126137,climatology,23.990000000000002,13.13,0,0,0,0,0,한산함,False,False
2025-08-29,814,0.005372405236752737,climatology,23.85,15.040000000000001,0,0,0,0,0,한산함,False,False
2025-08-30,5573,0.180953721101243,climatology,23.41,9.15,0,0,0,0,0,보통,True,False
2025-08-31,5332,0.12977593776623417,climatology,23.5,9.5,0,0,0,0,0,보통,True,False
2025-09-01,1204,0.0008093287022635907,climatology,24.52,0.08,0,0,0,0,0,한산함,False,False
2025-09-02,1567,0.0008559084595349081,climatology,24.380000000000003,4.1,0,0,0,0,0,한산함,False,False
2025-09-03,1245,0.0006067239010322486,climatology,24.29,8.290000000000001,0,0,0,0,0,한산함,False,False
2025-09-04,1255,0.0003395288426610649,climatology,24.47,5.68,0,0,0,0,0,한산함,False,False
2025-09-05,1061,0.0003564757677364174,climatology,23.759999999999998,16.830000000000002,0,0,0,0,0,한산함,False,False
2025-09-06,5849,0.03481597494518371,climatology,23.380000000000003,4.98,0,0,0,0,0,보통,True,False
2025-09-07,5145,0.020886330730071578,climatology,23.14,9.39,0,0,0,0,0,보통,True,False
2025-09-08,3853,0.00548845559748748,climatology,23.77,0.61,0,1,0,0,1,보통,False,False
2025-09-09,3846,0.010203784308027857,climatology,24.06,0.13,0,1,0,0,1,보통,False,False
2025-09-10,3235,0.004196403040149564,climatology,24.16,6.760000000000001,0,1,0,0,1,보통,False,False
2025-09-11,3507,0.003941612337399538,climatology,23.68,3.5799999999999996,0,1,0,0,1,보통,False,False
2025-09-12,4116,0.008220407353185947,climatology,22.78,4.48,0,1,0,0,1,보통,False,False
2025-09-13,6874,0.08652378839335402,climatology,23.16,2.3600000000000003,0,0,0,0,0,보통,True,False
2025-09-14,9147,0.38908594428568594,climatology,23.69,0.08,0,0,0,0,0,붐빔,True,False
2025-09-15,1581,0.0003184582475276819,climatology,23.84,0.24,0,0,0,0,0,한산함,False,False
2025-09-16,3561,0.0013926982478876346,climatology,23.669999999999998,6.51,0,0,0,1,1,보통,False,False
2025-09-17,3609,0.001077959905738492,climatology,23.71,1.44,0,0,0,1,1,보통,False,False
2025-09-18,3966,0.003811922048421569,climatology,23.69,0.06999999999999999,0,1,0,0,1,보통,False,False
2025-09-19,4748,0.008699448176809739,climatology,23.11,0.85,0,1,0,0,1,보통,False,False
2025-09-20,7100,0.16919050974578623,climatology,20.97,9.53,0,0,0,0,0,보통,True,False
2025-09-21,5616,0.0978470853789991,climatology,20.2,11.309999999999999,0,1,0,0,1,보통,True,False
2025-09-22,3836,0.0025250899137457612,climatology,20.75,1.1400000000000001,0,1,0,0,1,보통,False,False
2025-09-23,4382,0.011327582699578719,climatology,20.48,0.32999999999999996,0,1,0,0,1,보통,False,False
2025-09-24,4468,0.004112023041058444,climatology,20.919999999999998,0.0,0,1,0,0,1,보통,False,False
2025-09-25,2516,0.0027492007961756036,climatology,21.43,0.19,0,0,0,0,0,한산함,False,False
2025-09-26,3747,0.026722342259080937,climatology,21.880000000000003,2.9,0,0,0,0,0,보통,False,False
2025-09-27,13407,0.9287072467775048,climatology,21.45,1.8399999999999999,0,0,0,1,1,붐빔,True,False
2025-09-28,17520,0.9899755040068091,climatology,21.02,0.18,0,0,0,1,1,매우 붐빔,True,False
2025-09-29,4683,0.04913236916899936,climatology,20.75,1.31,0,0,0,1,1,보통,False,False
2025-09-30,3428,0.03154149409850831,climatology,20.509999999999998,4.279999999999999,0,0,0,0,0,보통,False,False
2025-10-01,5590,0.0031960575031630247,climatology,19.16,5.4799999999999995,0,0,0,0,0,보통,False,False
2025-10-02,8078,0.012892840104745529,climatology,18.740000000000002,5.890000000000001,0,0,0,0,0,붐빔,False,False
2025-10-03,16551,0.5903864125925808,climatology,19.669999999999998,8.709999999999999,0,0,0,0,0,매우 붐빔,False,True
2025-10-04,14129,0.839835660229215,climatology,18.93,3.0100000000000002,0,0,0,1,1,붐빔,True,False
2025-10-05,13652,0.6409591771152416,climatology,17.86,3.72,0,0,0,1,1,붐빔,True,True
2025-10-06,6748,0.20019322892263897,climatology,17.14,6.24,0,1,0,0,1,보통,False,True
2025-10-07,8875,0.3386258925128943,climatology,17.580000000000002,3.2,0,1,0,0,1,붐빔,False,True
2025-10-08,17047,0.9149927899292194,climatology,17.6,0.95,0,0,0,1,1,매우 붐빔,False,True
2025-10-09,15486,0.7369246445157848,climatology,16.630000000000003,2.1999999999999997,0,0,0,1,1,매우 붐빔,False,True
2025-10-10,4582,0.012994576748629557,climatology,15.8,2.5100000000000002,0,0,0,1,1,보통,False,False
2025-10-11,13190,0.7286755483871185,climatology,14.959999999999999,2.38,0,0,0,1,1,붐빔,True,False
2025-10-12,17716,0.9786039157992389,climatology,15.14,0.0,0,0,0,1,1,매우 붐빔,True,False
2025-10-13,4538,0.014431268996148015,climatology,15.8,0.0,0,0,0,1,1,보통,False,False
2025-10-14,4104,0.028265779862302196,climatology,15.940000000000001,0.58,0,0,0,1,1,보통,False,False
2025-10-15,4215,0.011536484796915478,climatology,16.669999999999998,0.05,0,0,0,1,1,보통,False,False
2025-10-16,4166,0.012230969583054767,climatology,15.27,0.15,0,0,0,1,1,보통,False,False
2025-10-17,5071,0.01281805762309096,climatology,14.290000000000001,0.0,0,0,0,1,1,보통,False,False
2025-10-18,12418,0.6727733120822634,climatology,14.680000000000001,5.279999999999999,0,0,0,1,1,붐빔,True,False
2025-10-19,13994,0.9201904723645706,climatology,15.330000000000002,1.3599999999999999,0,0,0,1,1,붐빔,True,False
2025-10-20,4325,0.017553847870219224,climatology,14.690000000000001,0.0,0,0,0,1,1,보통,False,False
2025-10-21,4570,0.06425132728953308,climatology,14.7,0.11000000000000001,0,0,0,1,1,보통,False,False
2025-10-22,3831,0.016146255889080623,climatology,15.16,2.06,0,0,0,1,1,보통,False,False
2025-10-23,4029,0.03230292330004202,climatology,13.559999999999999,0.9800000000000001,0,0,0,1,1,보통,False,False
2025-10-24,4439,0.04589278023018006,climatology,13.6,1.05,0,0,0,1,1,보통,False,False
2025-10-25,12959,0.9085473405671535,climatology,14.16,3.7,0,0,0,1,1,붐빔,True,False
2025-10-26,16491,0.9813356023856281,climatology,13.8,1.3,0,0,0,1,1,매우 붐빔,True,False
2025-10-27,5522,0.16881993137304138,climatology,13.559999999999999,2.65,0,0,0,1,1,보통,False,False
2025-10-28,14245,0.5310812682860426,climatology,13.290000000000001,0.75,0,0,0,1,1,붐빔,False,False
2025-10-29,9812,0.4937716313128399,climatology,11.75,0.06,0,0,0,1,1,붐빔,False,False
2025-10-30,5145,0.17772483982826154,climatology,10.97,0.0,0,0,0,1,1,보통,False,False
2025-10-31,4161,0.13401522033474725,climatology,11.9,0.12,0,0,0,1,1,보통,False,False
2025-11-01,12880,0.7964790159906332,climatology,12.02,1.3599999999999999,0,0,0,1,1,붐빔,True,False
2025-11-02,14413,0.9578703821401898,climatology,12.690000000000001,0.27999999999999997,0,0,0,1,1,붐빔,True,False
2025-11-03,2974,0.007986681913520687,climatology,12.27,1.0699999999999998,0,0,0,1,1,한산함,False,False
2025-11-04,3464,0.014016944163185815,climatology,11.18,0.01,0,0,0,1,1,보통,False,False
2025-11-05,2664,0.0072673781017373665,climatology,11.64,1.04,0,0,0,1,1,한산함,False,False
2025-11-06,2557,0.006034526757961213,climatology,12.01,5.029999999999999,0,0,0,1,1,한산함,False,False
2025-11-07,3175,0.009904140799442065,climatology,11.459999999999999,3.21,0,0,0,1,1,보통,False,False
2025-11-08,6054,0.2511223899894631,climatology,9.55,10.07,0,0,0,1,1,보통,True,False
2025-11-09,12870,0.7331123040882188,climatology,9.0,1.16,0,0,0,1,1,붐빔,True,False
2025-11-10,2370,0.0026384600140529966,climatology,9.09,2.0,0,0,0,1,1,한산함,False,False
2025-11-11,2546,0.003854644681620829,climatology,9.239999999999998,0.51,0,0,0,1,1,한산함,False,False
2025-11-12,2409,0.005018514214508092,climatology,9.530000000000001,5.79,0,0,0,1,1,한산함,False,False
2025-11-13,2318,0.004641675261488072,climatology,9.629999999999999,3.5,0,0,0,1,1,한산함,False,False
2025-11-14,2549,0.007408049242054414,climatology,9.790000000000001,0.51,0,0,0,1,1,한산함,False,False
2025-11-15,7375,0.2878456543520096,climatology,9.040000000000001,2.04,0,0,0,1,1,보통,True,False
2025-11-16,6317,0.19640050688578567,climatology,8.7,2.04,0,0,0,1,1,보통,True,False
2025-11-17,1855,0.002417118226931785,climatology,8.14,2.12,0,0,0,1,1,한산함,False,False
2025-11-18,904,0.00300509410650267,climatology,7.220000000000001,3.2399999999999998,0,0,0,0,0,한산함,False,False
2025-11-19,687,0.002576249859479668,climatology,7.8,8.690000000000001,0,0,0,0,0,한산함,False,False
2025-11-20,1037,0.0019441945898150798,climatology,6.58,0.02,0,0,0,0,0,한산함,False,False
2025-11-21,1004,0.003996236437288386,climatology,7.58,0.7100000000000001,0,0,0,0,0,한산함,False,False
2025-11-22,4170,0.05778693704489963,climatology,6.319999999999999,1.03,0,0,0,0,0,보통,True,False
2025-11-23,2864,0.012647263595411875,climatology,4.9799999999999995,0.78,0,0,0,0,0,한산함,True,False
2025-11-24,321,0.001406084786676042,climatology,3.7400000000000007,1.52,0,0,0,0,0,한산함,False,False
2025-11-25,396,0.005568685123791831,climatology,4.45,3.6700000000000004,0,0,0,0,0,한산함,False,False
2025-11-26,6065,0.164196419896577,climatology,3.94,2.88,0,0,0,0,0,보통,False,False
2025-11-27,1217,0.045205187258588936,climatology,3.19,2.6,0,0,0,0,0,한산함,False,False
2025-11-28,1038,0.028858288088032112,climatology,3.5800000000000005,2.5,0,0,0,0,0,한산함,False,False
2025-11-29,1845,0.05008067733860654,climatology,2.5100000000000002,0.6799999999999999,0,0,0,0,0,한산함,True,False
2025-11-30,2972,0.017039855536570465,climatology,1.28,2.82,0,0,0,0,0,한산함,True,False
2025-12-01,276,0.00020667313653771382,climatology,1.2399999999999998,0.38,0,0,0,0,0,한산함,False,False
2025-12-02,366,0.0003743908833262766,climatology,2.7199999999999998,1.3599999999999999,0,0,0,0,0,한산함,False,False
2025-12-03,306,0.00022503054768755476,climatology,2.75,2.27,0,0,0,0,0,한산함,False,False
2025-12-04,943,0.0008230902471832739,climatology,1.5699999999999998,0.51,0,0,0,1,1,한산함,False,False
2025-12-05,1114,0.0015731494813258828,climatology,1.3299999999999998,0.34,0,0,0,1,1,한산함,False,False
2025-12-06,2565,0.01747043794879804,climatology,1.59,0.51,0,0,0,1,1,한산함,True,False
2025-12-07,3037,0.02190439460825943,climatology,1.65,0.02,0,0,0,1,1,보통,True,False
2025-12-08,827,0.0007198014090064544,climatology,1.2899999999999998,0.3,0,0,0,1,1,한산함,False,False
2025-12-09,840,0.0015142312066030172,climatology,2.9099999999999997,0.3,0,0,0,1,1,한산함,False,False
2025-12-10,858,0.0011244030167726863,climatology,4.23,0.6799999999999999,0,0,0,1,1,한산함,False,False
2025-12-11,837,0.0012089624190807706,climatology,2.96,1.16,0,0,0,1,1,한산함,False,False
2025-12-12,1327,0.0030004938256856053,climatology,0.6900000000000001,0.5800000000000001,0,0,0,1,1,한산함,False,False
2025-12-13,2580,0.02090564901709741,climatology,0.43,0.58,0,0,0,1,1,한산함,True,False
2025-12-14,2181,0.016358134271549685,climatology,-1.0300000000000002,2.08,0,0,0,1,1,한산함,True,False
2025-12-15,898,0.0010268983643299946,climatology,0.009999999999999943,3.5700000000000003,0,0,0,1,1,한산함,False,False
2025-12-16,964,0.0010294084721164103,climatology,-1.61,0.18,0,0,0,1,1,한산함,False,False
2025-12-17,863,0.0010378330282112011,climatology,-2.7399999999999998,1.03,0,0,0,1,1,한산함,False,False
2025-12-18,764,0.0020782792805881536,climatology,-2.5,0.64,0,0,0,1,1,한산함,False,False
2025-12-19,1002,0.004234803675173578,climatology,-1.1599999999999997,0.06,0,0,0,1,1,한산함,False,False
2025-12-20,1895,0.024741921802178584,climatology,-0.02000000000000015,0.13999999999999999,0,0,0,1,1,한산함,True,False
2025-12-21,1656,0.012276727763173997,climatology,0.53,3.81,0,0,0,1,1,한산함,True,False
2025-12-22,925,0.0017115635421929502,climatology,0.44000000000000006,2.38,0,0,0,1,1,한산함,False,False
2025-12-23,880,0.0019689747192438594,climatology,0.41999999999999993,0.33999999999999997,0,0,0,1,1,한산함,False,False
2025-12-24,927,0.0040857742565974684,climatology,-0.82,2.13,0,0,0,1,1,한산함,False,False
2025-12-25,4316,0.1604943884492764,climatology,-1.52,0.07999999999999999,0,0,0,1,1,보통,False,True
2025-12-26,1526,0.023873647643636225,climatology,-1.17,0.1,0,0,0,1,1,한산함,False,False
2025-12-27,3276,0.16008732780612037,climatology,-3.22,0.05,0,0,0,1,1,보통,True,False
2025-12-28,2820,0.10209546188663522,climatology,-2.34,0.14,0,0,0,1,1,한산함,True,False
2025-12-29,3678,0.10884053726642018,climatology,-0.9099999999999999,0.21000000000000002,0,0,0,1,1,보통,False,False
2025-12-30,3061,0.0646208086625709,climatology,-1.6800000000000002,1.67,0,0,0,1,1,보통,False,False
2025-12-31,2630,0.0398502168057887,climatology,-2.63,0.5700000000000001,0,0,0,1,1,한산함,False,False
2026-01-01,1928,0.0009614230099832294,climatology,-1.3727272727272728,0.009090909090909092,0,0,0,1,1,한산함,False,True
2026-01-02,767,0.00014695400606713405,climatology,-0.7636363636363637,0.05454545454545454,0,0,0,1,1,한산함,False,False
2026-01-03,1192,0.0004782596041312884,climatology,-1.3,0.05454545454545454,0,0,0,1,1,한산함,True,False
2026-01-04,1742,0.0007397570679671305,climatology,-0.24545454545454556,0.0,0,0,0,1,1,한산함,True,False
2026-01-05,655,5.071943908639972e-05,climatology,-0.309090909090909,0.6454545454545455,0,0,0,1,1,한산함,False,False
2026-01-06,707,0.00014654960949640717,climatology,-0.8454545454545456,1.4909090909090907,0,0,0,1,1,한산함,False,False
2026-01-07,548,0.00016547702988820178,climatology,-2.0272727272727273,4.2272727272727275,0,0,0,1,1,한산함,False,False
2026-01-08,453,0.0001347597425359121,climatology,-2.0999999999999996,1.1363636363636365,0,0,0,1,1,한산함,False,False
2026-01-09,538,0.00031393114166291386,climatology,-2.809090909090909,0.19090909090909092,0,0,0,1,1,한산함,False,False
2026-01-10,1239,0.000721352655982082,climatology,-2.390909090909091,0.10909090909090911,0,0,0,1,1,한산함,True,False
2026-01-11,1701,0.0010936446513623481,climatology,-2.881818181818182,0.018181818181818184,0,0,0,1,1,한산함,True,False
2026-01-12,855,9.090565623084451e-05,climatology,-2.4272727272727277,0.23636363636363636,0,0,0,1,1,한산함,False,False
2026-01-13,929,0.00027409544285300776,climatology,-1.1363636363636365,3.636363636363636,0,0,0,1,1,한산함,False,False
2026-01-14,727,0.00015754927430972892,climatology,-0.4,0.43636363636363634,0,0,0,1,1,한산함,False,False
2026-01-15,772,0.00016011617395608502,climatology,-0.7090909090909091,0.32727272727272727,0,0,0,1,1,한산함,False,False
2026-01-16,655,0.00032843556358228443,climatology,-1.8818181818181818,0.03636363636363637,0,0,0,1,1,한산함,False,False
2026-01-17,1338,0.0005577076211028826,climatology,-1.4272727272727272,0.9272727272727272,0,0,0,1,1,한산함,True,False
2026-01-18,1566,0.0008796482338197653,climatology,-0.9909090909090907,0.45454545454545453,0,0,0,1,1,한산함,True,False
2026-01-19,864,0.0001062031731576637,climatology,-0.9454545454545454,0.3090909090909091,0,0,0,1,1,한산함,False,False
2026-01-20,1008,0.00030600622334433554,climatology,-1.4000000000000001,0.4,0,0,0,1,1,한산함,False,False
2026-01-21,1061,0.0002692335240164795,climatology,-0.8636363636363636,1.0636363636363635,0,0,0,1,1,한산함,False,False
2026-01-22,1017,0.0002453963584883979,climatology,-0.709090909090909,0.3272727272727272,0,0,0,1,1,한산함,False,False
2026-01-23,1015,0.0004715574937358151,climatology,-2.290909090909091,0.0,0,0,0,1,1,한산함,False,False
2026-01-24,1860,0.001966473667918783,climatology,-3.3363636363636364,0.0,0,0,0,1,1,한산함,True,False
2026-01-25,1701,0.0020313420866183525,climatology,-2.1090909090909093,0.33636363636363636,0,0,0,1,1,한산함,True,False
2026-01-26,1344,0.0004503921083594844,climatology,-0.8454545454545456,0.3272727272727272,0,0,0,1,1,한산함,False,False
2026-01-27,1573,0.0011097562772250519,climatology,-1.6727272727272728,0.7909090909090909,0,0,0,1,1,한산함,False,False
2026-01-28,1387,0.001725827710926644,climatology,-1.9272727272727272,0.19090909090909092,0,0,0,1,1,한산함,False,False
2026-01-29,1459,0.0012788969444249049,climatology,-1.8454545454545455,0.4272727272727273,0,0,0,1,1,한산함,False,False
2026-01-30,1605,0.0010124150278382471,climatology,-1.227272727272727,0.3181818181818182,0,0,0,1,1,한산함,False,False
2026-01-31,1712,0.0025067259812830865,climatology,-0.5181818181818182,0.3272727272727272,0,0,0,1,1,한산함,True,False
2026-02-01,1606,0.0005544229349695892,climatology,-0.7181818181818183,0.24545454545454548,0,0,0,1,1,한산함,True,False
2026-02-02,764,6.442116032130709e-05,climatology,-1.3545454545454545,0.0,0,0,0,1,1,한산함,False,False
2026-02-03,854,9.893303878350447e-05,climatology,-1.1181818181818182,1.8090909090909089,0,0,0,1,1,한산함,False,False
2026-02-04,640,9.448409102513273e-05,climatology,-1.981818181818182,0.16363636363636364,0,0,0,1,1,한산함,False,False
2026-02-05,634,6.886840732177713e-05,climatology,-2.309090909090909,0.4,0,0,0,1,1,한산함,False,False
2026-02-06,723,0.00015420032234231355,climatology,-1.3,0.22727272727272727,0,0,0,1,1,한산함,False,False
2026-02-07,1412,0.0005782772358816963,climatology,-1.6636363636363638,0.08181818181818182,0,0,0,1,1,한산함,True,False
2026-02-08,2005,0.00176001080329913,climatology,-2.7,0.0,0,0,0,1,1,한산함,True,False
2026-02-09,796,0.00010586785763765876,climatology,-1.4272727272727272,0.018181818181818184,0,0,0,1,1,한산함,False,False
2026-02-10,965,0.0002486432354707902,climatology,0.36363636363636365,0.05454545454545454,0,0,0,1,1,한산함,False,False
2026-02-11,981,0.00026780934001949014,climatology,1.4909090909090907,0.009090909090909092,0,0,0,1,1,한산함,False,False
2026-02-12,1182,0.00016537386410951278,climatology,2.1818181818181817,2.4727272727272727,0,0,0,1,1,한산함,False,False
2026-02-13,1371,0.00031344508705446263,climatology,3.6181818181818177,1.9090909090909092,0,0,0,1,1,한산함,False,False
2026-02-14,2839,0.0017549284137142514,climatology,3.7363636363636363,0.38181818181818183,0,0,0,1,1,한산함,True,False
2026-02-15,2611,0.0008352122525148079,climatology,1.8636363636363635,1.5,0,0,0,1,1,한산함,True,False
2026-02-16,2946,0.0002911405817669708,climatology,-0.08181818181818185,2.4,0,0,0,1,1,한산함,False,True
2026-02-17,2486,0.0008717746562184548,climatology,-1.3636363636363638,0.5,0,0,0,1,1,한산함,False,True
2026-02-18,2864,0.0008593690199899563,climatology,0.06363636363636366,1.5545454545454547,0,0,0,1,1,한산함,False,True
2026-02-19,1056,0.00014080178390351623,climatology,1.8636363636363635,1.3636363636363635,0,0,0,1,1,한산함,False,False
2026-02-20,1224,0.00046520013944009004,climatology,1.5545454545454547,0.2818181818181818,0,0,0,1,1,한산함,False,False
2026-02-21,2596,0.0013147568024733979,climatology,1.6909090909090911,2.7363636363636363,0,0,0,1,1,한산함,True,False
2026-02-22,2846,0.002137885540499582,climatology,1.6363636363636365,1.8090909090909089,0,0,0,1,1,한산함,True,False
2026-02-23,1396,9.669813845185725e-05,climatology,0.8272727272727273,0.45454545454545453,0,0,0,1,1,한산함,False,False
2026-02-24,1580,0.00034549508185465735,climatology,1.7,0.20909090909090908,0,0,0,1,1,한산함,False,False
2026-02-25,1775,0.0005996894240757028,climatology,3.0818181818181816,1.7181818181818185,0,0,0,1,1,한산함,False,False
2026-02-26,2244,0.002866723398799663,climatology,4.090909090909091,0.14545454545454548,0,0,0,1,1,한산함,False,False
2026-02-27,2894,0.0077502983575161765,climatology,4.7727272727272725,0.018181818181818184,0,0,0,1,1,한산함,False,False
2026-02-28,3167,0.01785799191308303,climatology,5.254545454545454,3.0,0,0,0,0,0,보통,True,False
2026-03-01,3187,0.00012397209684710583,climatology,3.436363636363636,6.918181818181819,0,0,0,0,0,보통,True,True
2026-03-02,2489,0.0003034342086332403,climatology,3.190909090909091,1.1272727272727272,0,0,0,0,0,한산함,False,True
2026-03-03,483,0.00042399586203735874,climatology,5.290909090909091,1.4454545454545455,0,0,0,0,0,한산함,False,False
2026-03-04,480,0.000870839677286488,climatology,6.218181818181819,1.4181818181818182,0,0,0,0,0,한산함,False,False
2026-03-05,438,0.0007450237083875154,climatology,5.781818181818182,4.0,0,0,0,0,0,한산함,False,False
2026-03-06,926,0.004418641867394669,climatology,5.0636363636363635,0.018181818181818184,0,0,0,0,0,한산함,False,False
2026-03-07,7640,0.14918491405470216,climatology,5.572727272727272,0.23636363636363636,0,0,0,0,0,보통,True,False
2026-03-08,8520,0.19602858823194114,climatology,5.790909090909091,0.4727272727272727,0,0,0,0,0,붐빔,True,False
2026-03-09,1609,0.015022358011174467,climatology,5.581818181818182,0.33636363636363636,0,0,0,0,0,한산함,False,False
2026-03-10,547,0.0037313523072784655,climatology,5.927272727272728,1.0727272727272728,0,0,0,0,0,한산함,False,False
2026-03-11,3132,0.0315631084355006,climatology,6.927272727272728,0.0,0,0,0,0,0,보통,False,False
2026-03-12,831,0.003223940081914346,climatology,6.845454545454545,0.9363636363636363,0,0,0,0,0,한산함,False,False
2026-03-13,687,0.002014540083108094,climatology,6.927272727272728,3.890909090909091,0,0,0,0,0,한산함,False,False
2026-03-14,8967,0.34231442414195734,climatology,7.9818181818181815,0.7909090909090909,0,0,0,0,0,붐빔,True,False
2026-03-15,7055,0.13314522949789198,climatology,7.890909090909091,2.9272727272727277,0,0,0,0,0,보통,True,False
2026-03-16,834,0.0021202335888307645,climatology,7.054545454545454,0.19090909090909092,0,0,0,0,0,한산함,False,False
2026-03-17,956,0.0070236892276048304,climatology,7.745454545454546,0.15454545454545454,0,0,0,0,0,한산함,False,False
2026-03-18,690,0.0026461438530852315,climatology,8.636363636363637,1.0818181818181818,0,0,0,0,0,한산함,False,False
2026-03-19,687,0.0012470302298480673,climatology,8.9,1.4363636363636363,0,0,0,0,0,한산함,False,False
2026-03-20,792,0.001376370068049946,climatology,8.672727272727274,1.9636363636363638,0,0,0,0,0,한산함,False,False
2026-03-21,14581,0.6819056236365042,climatology,8.30909090909091,0.41818181818181815,0,0,0,0,0,붐빔,True,False
2026-03-22,15519,0.6638310047912628,climatology,8.781818181818183,0.49090909090909096,0,0,0,0,0,매우 붐빔,True,False
2026-03-23,1133,0.0013523909697781018,climatology,9.345454545454546,0.16363636363636364,0,0,0,0,0,한산함,False,False
2026-03-24,1859,0.0065440842541038885,climatology,9.799999999999999,0.0,0,0,0,0,0,한산함,False,False
2026-03-25,1050,0.0019675668410951775,climatology,10.072727272727272,1.4545454545454546,0,0,0,0,0,한산함,False,False
2026-03-26,1074,0.0010168204294177547,climatology,10.509090909090908,3.0090909090909093,0,0,0,0,0,한산함,False,False
2026-03-27,1264,0.0019661182393432633,climatology,10.072727272727272,2.5636363636363635,0,0,0,0,0,한산함,False,False
2026-03-28,14056,0.7045508201260102,climatology,9.172727272727274,1.009090909090909,0,0,0,0,0,붐빔,True,False
2026-03-29,16520,0.9008089031990595,climatology,9.681818181818182,0.15454545454545454,0,0,0,0,0,매우 붐빔,True,False
2026-03-30,1190,0.0015653989378514891,climatology,10.227272727272727,0.2,0,0,0,0,0,한산함,False,False
2026-03-31,1322,0.0031683252690926254,climatology,11.272727272727273,0.36363636363636365,0,0,0,0,0,한산함,False,False
2026-04-01,4254,0.05346280223205983,climatology,12.390909090909092,0.3181818181818182,1,0,0,0,1,보통,False,False
2026-04-02,2917,0.010405342058184582,climatology,12.936363636363637,2.5454545454545454,1,0,0,0,1,한산함,False,False
2026-04-03,2904,0.010475169006334682,climatology,12.545454545454545,5.618181818181818,1,0,0,0,1,한산함,False,False
2026-04-04,18226,0.8865647640315714,climatology,12.481818181818182,2.3636363636363638,1,0,0,0,1,매우 붐빔,True,False
2026-04-05,6644,0.23330689610534017,climatology,10.563636363636364,11.054545454545455,1,0,0,0,1,보통,True,False
2026-04-06,2254,0.003760934757771746,climatology,10.627272727272727,1.4545454545454546,1,0,0,0,1,한산함,False,False
2026-04-07,3818,0.03954471724147557,climatology,11.509090909090908,0.7000000000000001,1,0,0,0,1,보통,False,False
2026-04-08,4586,0.05123336826195756,climatology,11.090909090909092,0.3181818181818182,1,0,0,0,1,보통,False,False
2026-04-09,4910,0.022570530593346846,climatology,11.936363636363637,1.7454545454545454,1,0,0,0,1,보통,False,False
2026-04-10,7430,0.12264062207766216,climatology,13.218181818181819,0.9636363636363636,1,0,0,0,1,보통,False,False
2026-04-11,26257,0.9993257241236737,climatology,13.881818181818181,0.2636363636363636,1,0,0,0,1,매우 붐빔,True,False
2026-04-12,18842,0.7790412320328772,climatology,13.490909090909092,3.4454545454545453,1,0,0,0,1,매우 붐빔,True,False
2026-04-13,4005,0.011058783613498019,climatology,12.645454545454545,1.9090909090909092,1,0,0,0,1,보통,False,False
2026-04-14,4010,0.015280118990335512,climatology,11.536363636363637,3.1454545454545455,1,0,0,0,1,보통,False,False
2026-04-15,4600,0.026922020459768332,climatology,12.70909090909091,2.063636363636364,1,0,0,0,1,보통,False,False
2026-04-16,4269,0.013132670585803545,climatology,13.563636363636363,3.0454545454545454,1,0,0,0,1,보통,False,False
2026-04-17,5265,0.024775300264213634,climatology,13.463636363636363,2.9545454545454546,1,0,0,0,1,보통,False,False
2026-04-18,25016,0.9766973277427041,climatology,13.781818181818181,0.9545454545454546,1,0,0,0,1,매우 붐빔,True,False
2026-04-19,20614,0.8848672033005435,climatology,14.418181818181818,2.8636363636363638,1,0,0,0,1,매우 붐빔,True,False
2026-04-20,4396,0.013937022494920735,climatology,14.545454545454545,1.1545454545454545,1,0,0,0,1,보통,False,False
2026-04-21,4714,0.038752433795826983,climatology,15.590909090909092,1.5727272727272728,1,0,0,0,1,보통,False,False
2026-04-22,4142,0.010276874075187596,climatology,15.7,4.572727272727272,1,0,0,0,1,보통,False,False
2026-04-23,4073,0.009193936416505549,climatology,15.218181818181819,5.363636363636363,1,0,0,0,1,보통,False,False
2026-04-24,5574,0.052919577572641076,climatology,15.3,1.4909090909090907,1,0,0,0,1,보통,False,False
2026-04-25,21377,0.9902232465688064,climatology,15.090909090909092,1.1818181818181819,1,0,0,0,1,매우 붐빔,True,False
2026-04-26,21223,0.9981792731118432,climatology,15.363636363636363,0.5363636363636364,1,0,0,0,1,매우 붐빔,True,False
2026-04-27,4943,0.08035899456340065,climatology,15.327272727272726,0.15454545454545454,1,0,0,0,1,보통,False,False
2026-04-28,10492,0.34944093761762507,climatology,16.20909090909091,0.6,1,0,0,0,1,붐빔,False,False
2026-04-29,4295,0.056155885887991676,climatology,15.572727272727274,4.390909090909091,1,0,0,0,1,보통,False,False
2026-04-30,4736,0.043161033471841,climatology,16.563636363636363,2.4000000000000004,1,0,0,0,1,보통,False,False
2026-05-01,17706,0.7376991823152391,climatology,17.11818181818182,2.6454545454545455,1,0,0,0,1,매우 붐빔,False,False
2026-05-02,21805,0.9654989516072335,climatology,17.254545454545454,2.790909090909091,1,0,0,0,1,매우 붐빔,True,False
2026-05-03,19755,0.9278359959815209,climatology,16.62727272727273,3.527272727272727,1,0,0,0,1,매우 붐빔,True,False
2026-05-04,7208,0.07696036980526351,climatology,17.7,1.781818181818182,1,0,1,0,2,보통,False,False
2026-05-05,27381,0.8749521822003135,climatology,17.145454545454545,7.827272727272727,1,0,1,0,2,매우 붐빔,False,True
2026-05-06,6467,0.06680215877105711,climatology,15.754545454545456,8.299999999999999,1,0,1,0,2,보통,False,False
2026-05-07,5770,0.014122842319031293,climatology,16.354545454545455,1.0636363636363637,0,0,1,0,1,보통,False,False
2026-05-08,5215,0.035659144116899744,climatology,16.727272727272727,0.3909090909090909,0,0,0,0,0,보통,False,False
2026-05-09,7811,0.1723098959729535,climatology,16.654545454545453,4.045454545454546,0,0,0,0,0,보통,True,False
2026-05-10,10563,0.49181174637009456,climatology,16.3,2.8545454545454545,0,0,0,0,0,붐빔,True,False
2026-05-11,3578,0.0009361007688847567,climatology,17.854545454545455,4.463636363636363,0,0,0,0,0,보통,False,False
2026-05-12,3693,0.002424360741738566,climatology,17.745454545454546,3.8363636363636364,0,0,0,0,0,보통,False,False
2026-05-13,4485,0.010330680924421402,climatology,18.3,0.6363636363636364,0,0,0,0,0,보통,False,False
2026-05-14,6070,0.019125818513078794,climatology,19.19090909090909,0.0,0,0,0,0,0,보통,False,False
2026-05-15,4272,0.0039024137454402833,climatology,18.5,8.518181818181818,0,0,0,0,0,보통,False,False
2026-05-16,7091,0.11967047829100509,climatology,18.754545454545454,15.3,0,0,0,0,0,보통,True,False
2026-05-17,8725,0.2440881583895227,climatology,19.59090909090909,8.027272727272727,0,0,0,0,0,붐빔,True,False
2026-05-18,4640,0.0013483790275312187,climatology,19.454545454545453,3.5545454545454547,0,0,0,0,0,보통,False,False
2026-05-19,4691,0.00567717017832215,climatology,19.081818181818182,3.963636363636364,0,0,0,0,0,보통,False,False
2026-05-20,5485,0.011664193191139028,climatology,19.19090909090909,0.9636363636363636,0,0,0,0,0,보통,False,False
2026-05-21,6427,0.0194159722754116,climatology,19.8,0.6454545454545455,0,0,0,0,0,보통,False,False
2026-05-22,7631,0.029448392375637816,climatology,20.563636363636363,1.2272727272727273,0,0,0,0,0,보통,False,False
2026-05-23,23105,0.9908582879281449,climatology,20.545454545454547,1.1545454545454545,1,0,0,0,1,매우 붐빔,True,False
2026-05-24,17916,0.9197171143697325,climatology,19.8,5.218181818181818,1,0,0,0,1,매우 붐빔,True,True
2026-05-25,23426,0.9002779609294399,climatology,19.60909090909091,1.0727272727272728,1,0,0,0,1,매우 붐빔,False,True
2026-05-26,11275,0.2423010514536857,climatology,19.89090909090909,0.9727272727272727,1,0,0,0,1,붐빔,False,False
2026-05-27,6143,0.05979430099880647,climatology,19.40909090909091,4.345454545454545,1,0,0,0,1,보통,False,False
2026-05-28,6710,0.0773991406874493,climatology,20.39090909090909,4.918181818181818,1,0,0,0,1,보통,False,False
2026-05-29,8389,0.1794939763446131,climatology,21.336363636363636,0.3272727272727272,1,0,0,0,1,붐빔,False,False
2026-05-30,19971,0.9347883075305023,climatology,21.272727272727273,1.6818181818181819,1,0,0,0,1,매우 붐빔,True,False
2026-05-31,24130,0.9905987007005693,climatology,21.227272727272727,0.5454545454545454,1,0,0,0,1,매우 붐빔,True,False
2026-06-01,7431,0.10562004249434857,climatology,21.736363636363635,0.32727272727272727,1,0,0,0,1,보통,False,False
2026-06-02,7383,0.11765500530625148,climatology,21.427272727272726,0.18181818181818182,1,0,0,0,1,보통,False,False
2026-06-03,6756,0.0628693015242819,climatology,22.163636363636364,1.6454545454545455,1,0,0,0,1,보통,False,False
2026-06-04,6325,0.05671100511532589,climatology,22.154545454545453,0.018181818181818184,1,0,0,0,1,보통,False,False
2026-06-05,7966,0.13734791298552793,forecast,20.791666666666668,0.041666666666666664,1,0,0,0,1,보통,False,False
2026-06-06,26303,0.9869462148419835,forecast,21.083333333333332,0.0,1,0,0,0,1,매우 붐빔,True,True
2026-06-07,24683,0.9833497104563038,forecast,20.958333333333332,0.0,1,0,0,0,1,매우 붐빔,True,False
2026-06-08,24676,0.9122780639462269,forecast,20.125,0.0,1,0,0,0,1,매우 붐빔,False,True
2026-06-09,6548,0.12659678654561343,forecast,17.0,0.0,1,0,0,0,1,보통,False,False
2026-06-10,4649,0.019043242698246244,climatology,22.936363636363637,2.618181818181818,1,0,0,0,1,보통,False,False
2026-06-11,4451,0.005932461282479093,climatology,23.09090909090909,4.754545454545455,1,0,0,0,1,보통,False,False
2026-06-12,5357,0.022942895461729722,climatology,23.454545454545453,0.18181818181818182,1,0,0,0,1,보통,False,False
2026-06-13,10289,0.3208486652648797,climatology,23.854545454545452,1.8181818181818181,1,0,0,0,1,붐빔,True,False
2026-06-14,8508,0.19254328411822288,climatology,23.254545454545454,6.927272727272728,1,0,0,0,1,붐빔,True,False
2026-06-15,4053,0.0025862458254319147,climatology,22.545454545454547,6.581818181818182,1,0,0,0,1,보통,False,False
2026-06-16,4142,0.0074155701178269025,climatology,23.263636363636365,1.8818181818181818,1,0,0,0,1,보통,False,False
2026-06-17,4159,0.004736250682994365,climatology,23.49090909090909,0.8636363636363636,1,0,0,0,1,보통,False,False
2026-06-18,3749,0.0031156855251482144,climatology,23.936363636363637,2.1,1,0,0,0,1,보통,False,False
2026-06-19,4651,0.02249098134286562,climatology,24.818181818181817,0.1,1,0,0,0,1,보통,False,False
2026-06-20,5586,0.0707709914070284,climatology,24.263636363636362,9.272727272727273,1,0,0,0,1,보통,True,False
2026-06-21,9480,0.26539905270793734,climatology,24.218181818181815,2.3,1,0,0,0,1,붐빔,True,False
2026-06-22,3685,0.01521938564548404,climatology,24.55454545454546,4.2727272727272725,1,0,0,0,1,보통,False,False
2026-06-23,3782,0.08115354996141244,climatology,25.018181818181816,10.518181818181818,1,0,0,0,1,보통,False,False
2026-06-24,3253,0.03778429871375964,climatology,24.3,6.0,1,0,0,0,1,보통,False,False
2026-06-25,3662,0.04977253871282467,climatology,24.345454545454547,2.2545454545454544,1,0,0,0,1,보통,False,False
2026-06-26,3496,0.011128769999006062,climatology,23.518181818181816,13.727272727272727,1,0,0,0,1,보통,False,False
2026-06-27,16747,0.7940512547308293,climatology,24.963636363636365,4.472727272727273,1,0,0,0,1,매우 붐빔,True,False
2026-06-28,17623,0.8807265540708668,climatology,25.38181818181818,3.0454545454545454,1,0,0,0,1,매우 붐빔,True,False
2026-06-29,804,0.04161558703063121,climatology,25.072727272727274,15.254545454545452,0,0,0,0,0,한산함,False,False
2026-06-30,1211,0.03602096894641552,climatology,24.263636363636362,27.027272727272727,0,0,0,0,0,한산함,False,False
2026-07-01,616,0.0017866725967120084,climatology,25.036363636363635,17.62727272727273,0,0,0,0,0,한산함,False,False
2026-07-02,795,0.0003020459587033093,climatology,25.19090909090909,20.054545454545455,0,0,0,0,0,한산함,False,False
2026-07-03,825,0.00038519795542148676,climatology,25.681818181818183,11.681818181818182,0,0,0,0,0,한산함,False,False
2026-07-04,2598,0.0009528820311763051,climatology,25.481818181818184,10.763636363636364,0,0,0,0,0,한산함,True,False
2026-07-05,2511,0.0010912631467029736,climatology,25.472727272727273,10.945454545454545,0,0,0,0,0,한산함,True,False
2026-07-06,927,0.0012256853693564925,climatology,26.481818181818184,4.809090909090909,0,0,0,0,0,한산함,False,False
2026-07-07,915,0.0031627060655232456,climatology,25.936363636363637,5.263636363636364,0,0,0,0,0,한산함,False,False
2026-07-08,3147,0.013972181546605136,climatology,25.736363636363638,3.8636363636363638,0,1,0,0,1,보통,False,False
2026-07-09,2967,0.007384541465934421,climatology,26.11818181818182,8.581818181818182,0,1,0,0,1,한산함,False,False
2026-07-10,365,0.0006506846363033305,climatology,26.49090909090909,16.827272727272728,0,0,0,0,0,한산함,False,False
2026-07-11,2115,0.0011703760082157567,climatology,26.49090909090909,6.781818181818181,0,0,0,0,0,한산함,True,False
2026-07-12,2857,0.001569884485994664,climatology,26.227272727272727,3.3272727272727276,0,0,0,0,0,한산함,True,False
2026-07-13,797,0.002920401147003432,climatology,25.7,23.972727272727273,0,0,0,0,0,한산함,False,False
2026-07-14,773,0.0030650398020458025,climatology,26.272727272727273,9.018181818181818,0,0,0,0,0,한산함,False,False
2026-07-15,571,0.002889085634121962,climatology,26.018181818181816,5.2727272727272725,0,0,0,0,0,한산함,False,False
2026-07-16,459,0.0008047673593821212,climatology,25.327272727272728,19.009090909090908,0,0,0,0,0,한산함,False,False
2026-07-17,383,0.0007734700002519807,climatology,25.50909090909091,16.94545454545454,0,0,0,0,0,한산함,False,False
2026-07-18,2542,0.0014393614340308168,climatology,26.09090909090909,13.672727272727274,0,0,0,0,0,한산함,True,False
2026-07-19,2615,0.0014931403224272483,climatology,26.7,16.87272727272727,0,0,0,0,0,한산함,True,False
2026-07-20,1014,0.003317278093031174,climatology,27.736363636363638,3.227272727272727,0,0,0,0,0,한산함,False,False
2026-07-21,844,0.010480445891838256,climatology,27.636363636363637,3.2818181818181817,0,0,0,0,0,한산함,False,False
2026-07-22,462,0.017205275795512953,climatology,27.972727272727273,10.054545454545455,0,0,0,0,0,한산함,False,False
2026-07-23,606,0.017884592720473123,climatology,27.272727272727273,27.745454545454546,0,0,0,0,0,한산함,False,False
2026-07-24,712,0.014710246987681494,climatology,27.345454545454547,4.5636363636363635,0,0,0,0,0,한산함,False,False
2026-07-25,1882,0.03034159583052631,climatology,28.2,10.963636363636363,0,0,0,0,0,한산함,True,False
2026-07-26,4671,0.15012194500656628,climatology,28.4,9.727272727272727,0,0,0,0,0,보통,True,False
2026-07-27,1477,0.05751653040805213,climatology,28.636363636363637,3.8,0,0,0,0,0,한산함,False,False
2026-07-28,2095,0.07713405658866136,climatology,28.38181818181818,3.8363636363636364,0,0,0,0,0,한산함,False,False
2026-07-29,968,0.04457380214188155,climatology,28.318181818181817,10.372727272727273,0,0,0,0,0,한산함,False,False
2026-07-30,1108,0.012309857682391845,climatology,29.19090909090909,2.5272727272727273,0,0,0,0,0,한산함,False,False
2026-07-31,1018,0.011179114560796208,climatology,28.46363636363636,10.727272727272727,0,0,0,0,0,한산함,False,False
2026-08-01,1986,0.0019406638334673201,climatology,28.589999999999996,11.93,0,0,0,0,0,한산함,True,False
2026-08-02,1981,0.0021179171216535154,climatology,28.330000000000002,8.51,0,0,0,0,0,한산함,True,False
2026-08-03,1114,0.000432843577454225,climatology,28.95,15.669999999999998,0,0,0,0,0,한산함,False,False
2026-08-04,995,0.0004782526374246149,climatology,29.45,1.25,0,0,0,0,0,한산함,False,False
2026-08-05,684,0.00037192527167448125,climatology,29.73,2.1900000000000004,0,0,0,0,0,한산함,False,False
2026-08-06,700,0.00044798459470019443,climatology,29.189999999999998,10.57,0,0,0,0,0,한산함,False,False
2026-08-07,860,0.00041637241988720793,climatology,28.73,2.33,0,0,0,0,0,한산함,False,False
2026-08-08,1739,0.0006948981559393696,climatology,28.24,16.89,0,0,0,0,0,한산함,True,False
2026-08-09,2346,0.0008647504808215155,climatology,27.810000000000002,17.91,0,0,0,0,0,한산함,True,False
2026-08-10,896,0.0004968858329049048,climatology,27.45,14.38,0,0,0,0,0,한산함,False,False
2026-08-11,870,0.001053326854663977,climatology,27.7,18.97,0,0,0,0,0,한산함,False,False
2026-08-12,979,0.0010123921357242493,climatology,27.810000000000002,6.2700000000000005,0,0,0,0,0,한산함,False,False
2026-08-13,897,0.00031796214779127377,climatology,28.139999999999997,1.1400000000000001,0,0,0,0,0,한산함,False,False
2026-08-14,923,0.00026661060658389794,climatology,28.139999999999997,0.8099999999999999,0,0,0,0,0,한산함,False,False
2026-08-15,3971,0.0023434916483592843,climatology,27.46,18.71,0,0,0,0,0,보통,True,True
2026-08-16,4129,0.005862592588206878,climatology,27.27,3.19,0,0,0,0,0,보통,True,False
2026-08-17,4701,0.01014561491469481,climatology,27.25,2.08,0,0,0,0,0,보통,False,True
2026-08-18,1347,0.0004921394707408157,climatology,27.24,0.57,0,0,0,0,0,한산함,False,False
2026-08-19,1028,0.0009808919041011087,climatology,27.419999999999998,7.989999999999999,0,0,0,0,0,한산함,False,False
2026-08-20,895,0.0009078212574690787,climatology,27.82,12.49,0,0,0,0,0,한산함,False,False
2026-08-21,808,0.0005627994009599782,climatology,27.169999999999998,12.129999999999999,0,0,0,0,0,한산함,False,False
2026-08-22,2557,0.00494164823554504,climatology,27.28,8.940000000000001,0,0,0,0,0,한산함,True,False
2026-08-23,2893,0.009600170361345813,climatology,26.369999999999997,9.39,0,0,0,0,0,한산함,True,False
2026-08-24,1021,0.0014799739649036983,climatology,25.910000000000004,3.9200000000000004,0,0,0,0,0,한산함,False,False
2026-08-25,864,0.002685381065011249,climatology,25.639999999999997,1.19,0,0,0,0,0,한산함,False,False
2026-08-26,973,0.007512892782498842,climatology,25.27,2.33,0,0,0,0,0,한산함,False,False
2026-08-27,1275,0.012764567119746228,climatology,24.28,6.7,0,0,0,0,0,한산함,False,False
2026-08-28,442,0.0067580239534977635,climatology,23.990000000000002,13.13,0,0,0,0,0,한산함,False,False
2026-08-29,5608,0.17889062817483606,climatology,23.85,15.040000000000001,0,0,0,0,0,보통,True,False
2026-08-30,4706,0.12714281398940147,climatology,23.41,9.15,0,0,0,0,0,보통,True,False
2026-08-31,957,0.0040773493984949385,climatology,23.5,9.5,0,0,0,0,0,한산함,False,False
2026-09-01,1262,0.0016395933942625342,climatology,24.52,0.08,0,0,0,0,0,한산함,False,False
2026-09-02,1342,0.0006352262065768531,climatology,24.380000000000003,4.1,0,0,0,0,0,한산함,False,False
2026-09-03,1318,0.0004931589645213732,climatology,24.29,8.290000000000001,0,0,0,0,0,한산함,False,False
2026-09-04,1556,0.0004752195186261674,climatology,24.47,5.68,0,0,0,0,0,한산함,False,False
2026-09-05,4203,0.01437322621464559,climatology,23.759999999999998,16.830000000000002,0,0,0,0,0,보통,True,False
2026-09-06,5905,0.02984234940903072,climatology,23.380000000000003,4.98,0,0,0,0,0,보통,True,False
2026-09-07,1641,0.00032530135770989925,climatology,23.14,9.39,0,0,0,0,0,한산함,False,False
2026-09-08,4126,0.010683714372262195,climatology,23.77,0.61,0,1,0,0,1,보통,False,False
2026-09-09,3515,0.006598939568436233,climatology,24.06,0.13,0,1,0,0,1,보통,False,False
2026-09-10,3216,0.003274484792022147,climatology,24.16,6.760000000000001,0,1,0,0,1,보통,False,False
2026-09-11,3963,0.00762456771447206,climatology,23.68,3.5799999999999996,0,1,0,0,1,보통,False,False
2026-09-12,8971,0.40936084064912803,climatology,22.78,4.48,0,1,0,0,1,붐빔,True,False
2026-09-13,7200,0.06334670001871877,climatology,23.16,2.3600000000000003,0,0,0,0,0,보통,True,False
2026-09-14,1485,0.00043845397489757624,climatology,23.69,0.08,0,0,0,0,0,한산함,False,False
2026-09-15,1649,0.0005337573145813735,climatology,23.84,0.24,0,0,0,0,0,한산함,False,False
2026-09-16,3326,0.0007030024620803931,climatology,23.669999999999998,6.51,0,0,0,1,1,보통,False,False
2026-09-17,3563,0.000916509885246181,climatology,23.71,1.44,0,0,0,1,1,보통,False,False
2026-09-18,4427,0.006401704131855537,climatology,23.69,0.06999999999999999,0,1,0,0,1,보통,False,False
2026-09-19,13088,0.856567879666507,climatology,23.11,0.85,0,1,0,0,1,붐빔,True,False
2026-09-20,7104,0.13335298506523646,climatology,20.97,9.53,0,0,0,0,0,보통,True,False
2026-09-21,3504,0.001930494351253601,climatology,20.2,11.309999999999999,0,1,0,0,1,보통,False,False
2026-09-22,3989,0.006126822660814046,climatology,20.75,1.1400000000000001,0,1,0,0,1,보통,False,False
2026-09-23,3887,0.003835835562989605,climatology,20.48,0.32999999999999996,0,1,0,0,1,보통,False,False
2026-09-24,16602,0.8726814624899859,climatology,20.919999999999998,0.0,0,1,0,0,1,매우 붐빔,False,True
2026-09-25,17305,0.7984141709827265,climatology,21.43,0.19,0,0,0,0,0,매우 붐빔,False,True
2026-09-26,15312,0.9649694791103615,climatology,21.880000000000003,2.9,0,0,0,0,0,매우 붐빔,True,True
2026-09-27,14856,0.93932077704642,climatology,21.45,1.8399999999999999,0,0,0,1,1,붐빔,True,False
2026-09-28,17266,0.9728187102415811,climatology,21.02,0.18,0,0,0,1,1,매우 붐빔,False,True
2026-09-29,5366,0.12523871060158737,climatology,20.75,1.31,0,0,0,1,1,보통,False,False
2026-09-30,2885,0.017124008279479956,climatology,20.509999999999998,4.279999999999999,0,0,0,0,0,한산함,False,False
2026-10-01,5719,0.00474747781272491,climatology,19.16,5.4799999999999995,0,0,0,0,0,보통,False,False
2026-10-02,9173,0.025576283523292144,climatology,18.740000000000002,5.890000000000001,0,0,0,0,0,붐빔,False,False
2026-10-03,14617,0.7956297807955681,climatology,19.669999999999998,8.709999999999999,0,0,0,0,0,붐빔,True,True
2026-10-04,13920,0.7682662564770935,climatology,18.93,3.0100000000000002,0,0,0,1,1,붐빔,True,False
2026-10-05,6081,0.17880569595985005,climatology,17.86,3.72,0,0,0,1,1,보통,False,True
2026-10-06,4431,0.003796095458109243,climatology,17.14,6.24,0,1,0,0,1,보통,False,False
2026-10-07,4444,0.001276337688876574,climatology,17.580000000000002,3.2,0,1,0,0,1,보통,False,False
2026-10-08,4625,0.012883358800859956,climatology,17.6,0.95,0,0,0,1,1,보통,False,False
2026-10-09,15187,0.811854426032831,climatology,16.630000000000003,2.1999999999999997,0,0,0,1,1,매우 붐빔,False,True
2026-10-10,13064,0.8092164732430853,climatology,15.8,2.5100000000000002,0,0,0,1,1,붐빔,True,False
2026-10-11,13153,0.5892137531211247,climatology,14.959999999999999,2.38,0,0,0,1,1,붐빔,True,False
2026-10-12,4220,0.016123647980013093,climatology,15.14,0.0,0,0,0,1,1,보통,False,False
2026-10-13,4942,0.033376955667063335,climatology,15.8,0.0,0,0,0,1,1,보통,False,False
2026-10-14,3880,0.011349206005486345,climatology,15.940000000000001,0.58,0,0,0,1,1,보통,False,False
2026-10-15,4261,0.011097103042329911,climatology,16.669999999999998,0.05,0,0,0,1,1,보통,False,False
2026-10-16,5180,0.022174179106421433,climatology,15.27,0.15,0,0,0,1,1,보통,False,False
2026-10-17,16904,0.9676508970881775,climatology,14.290000000000001,0.0,0,0,0,1,1,매우 붐빔,True,False
2026-10-18,12932,0.5393779626672304,climatology,14.680000000000001,5.279999999999999,0,0,0,1,1,붐빔,True,False
2026-10-19,3632,0.012707033062567177,climatology,15.330000000000002,1.3599999999999999,0,0,0,1,1,보통,False,False
2026-10-20,4900,0.05490647699776172,climatology,14.690000000000001,0.0,0,0,0,1,1,보통,False,False
2026-10-21,4294,0.03152850723783182,climatology,14.7,0.11000000000000001,0,0,0,1,1,보통,False,False
2026-10-22,3914,0.015844554513629112,climatology,15.16,2.06,0,0,0,1,1,보통,False,False
2026-10-23,4494,0.04606852910128928,climatology,13.559999999999999,0.9800000000000001,0,0,0,1,1,보통,False,False
2026-10-24,15451,0.9781589288320067,climatology,13.6,1.05,0,0,0,1,1,매우 붐빔,True,False
2026-10-25,13674,0.8456459333224575,climatology,14.16,3.7,0,0,0,1,1,붐빔,True,False
2026-10-26,6092,0.19726773727915756,climatology,13.8,1.3,0,0,0,1,1,보통,False,False
2026-10-27,11177,0.46488557524223184,climatology,13.559999999999999,2.65,0,0,0,1,1,붐빔,False,False
2026-10-28,10354,0.34234403914726136,climatology,13.290000000000001,0.75,0,0,0,1,1,붐빔,False,False
2026-10-29,9590,0.32170931105488243,climatology,11.75,0.06,0,0,0,1,1,붐빔,False,False
2026-10-30,6271,0.20470121168802932,climatology,10.97,0.0,0,0,0,1,1,보통,False,False
2026-10-31,17583,0.9891374585432102,climatology,11.9,0.12,0,0,0,1,1,매우 붐빔,True,False
2026-11-01,12641,0.6342379663256779,climatology,12.02,1.3599999999999999,0,0,0,1,1,붐빔,True,False
2026-11-02,3315,0.012410821560584002,climatology,12.690000000000001,0.27999999999999997,0,0,0,1,1,보통,False,False
2026-11-03,3259,0.014690764540622453,climatology,12.27,1.0699999999999998,0,0,0,1,1,보통,False,False
2026-11-04,3374,0.011721235690232408,climatology,11.18,0.01,0,0,0,1,1,보통,False,False
2026-11-05,2806,0.005293349734715923,climatology,11.64,1.04,0,0,0,1,1,한산함,False,False
2026-11-06,2891,0.008060676120015113,climatology,12.01,5.029999999999999,0,0,0,1,1,한산함,False,False
2026-11-07,12522,0.5254238327779375,climatology,11.459999999999999,3.21,0,0,0,1,1,붐빔,True,False
2026-11-08,5839,0.1919382007280351,climatology,9.55,10.07,0,0,0,1,1,보통,True,False
2026-11-09,2280,0.003332579537996063,climatology,9.0,1.16,0,0,0,1,1,한산함,False,False
2026-11-10,2385,0.0039095720646262575,climatology,9.09,2.0,0,0,0,1,1,한산함,False,False
2026-11-11,2544,0.003972952608904003,climatology,9.239999999999998,0.51,0,0,0,1,1,한산함,False,False
2026-11-12,2474,0.00479451748303783,climatology,9.530000000000001,5.79,0,0,0,1,1,한산함,False,False
2026-11-13,2443,0.006952298640997603,climatology,9.629999999999999,3.5,0,0,0,1,1,한산함,False,False
2026-11-14,9533,0.4866246418502895,climatology,9.790000000000001,0.51,0,0,0,1,1,붐빔,True,False
2026-11-15,6779,0.22769128009940437,climatology,9.040000000000001,2.04,0,0,0,1,1,보통,True,False
2026-11-16,1975,0.0025854829098984518,climatology,8.7,2.04,0,0,0,1,1,한산함,False,False
2026-11-17,1864,0.003796686956561238,climatology,8.14,2.12,0,0,0,1,1,한산함,False,False
2026-11-18,834,0.002160019729946315,climatology,7.220000000000001,3.2399999999999998,0,0,0,0,0,한산함,False,False
2026-11-19,681,0.002059897737291704,climatology,7.8,8.690000000000001,0,0,0,0,0,한산함,False,False
2026-11-20,1202,0.003892106070739241,climatology,6.58,0.02,0,0,0,0,0,한산함,False,False
2026-11-21,4969,0.09147041115908197,climatology,7.58,0.7100000000000001,0,0,0,0,0,보통,True,False
2026-11-22,4335,0.04608571409437605,climatology,6.319999999999999,1.03,0,0,0,0,0,보통,True,False
2026-11-23,460,0.0008851809424480359,climatology,4.9799999999999995,0.78,0,0,0,0,0,한산함,False,False
2026-11-24,292,0.0027682213634088932,climatology,3.7400000000000007,1.52,0,0,0,0,0,한산함,False,False
2026-11-25,346,0.004044967765783908,climatology,4.45,3.6700000000000004,0,0,0,0,0,한산함,False,False
2026-11-26,4235,0.1319696703658483,climatology,3.94,2.88,0,0,0,0,0,보통,False,False
2026-11-27,1977,0.06645152501931424,climatology,3.19,2.6,0,0,0,0,0,한산함,False,False
2026-11-28,2307,0.05578026691254789,climatology,3.5800000000000005,2.5,0,0,0,0,0,한산함,True,False
2026-11-29,3508,0.03898302113138811,climatology,2.5100000000000002,0.6799999999999999,0,0,0,0,0,보통,True,False
2026-11-30,205,0.02684654040013909,climatology,1.28,2.82,0,0,0,0,0,한산함,False,False
2026-12-01,294,0.00031093576151586147,climatology,1.2399999999999998,0.38,0,0,0,0,0,한산함,False,False
2026-12-02,326,0.00026168642180962056,climatology,2.7199999999999998,1.3599999999999999,0,0,0,0,0,한산함,False,False
2026-12-03,266,0.00018417833766505752,climatology,2.75,2.27,0,0,0,0,0,한산함,False,False
2026-12-04,1115,0.0016174384842062978,climatology,1.5699999999999998,0.51,0,0,0,1,1,한산함,False,False
2026-12-05,2111,0.010765143658597267,climatology,1.3299999999999998,0.34,0,0,0,1,1,한산함,True,False
2026-12-06,2674,0.016413066088727914,climatology,1.59,0.51,0,0,0,1,1,한산함,True,False
2026-12-07,1063,0.000881505008464439,climatology,1.65,0.02,0,0,0,1,1,한산함,False,False
2026-12-08,844,0.001034853841179602,climatology,1.2899999999999998,0.3,0,0,0,1,1,한산함,False,False
2026-12-09,790,0.0015624693607709586,climatology,2.9099999999999997,0.3,0,0,0,1,1,한산함,False,False
2026-12-10,890,0.0012528051124517285,climatology,4.23,0.6799999999999999,0,0,0,1,1,한산함,False,False
2026-12-11,1040,0.002226491853205013,climatology,2.96,1.16,0,0,0,1,1,한산함,False,False
2026-12-12,2704,0.021092327292091807,climatology,0.6900000000000001,0.5800000000000001,0,0,0,1,1,한산함,True,False
2026-12-13,2758,0.017001613216851362,climatology,0.43,0.58,0,0,0,1,1,한산함,True,False
2026-12-14,821,0.0008101585866893658,climatology,-1.0300000000000002,2.08,0,0,0,1,1,한산함,False,False
2026-12-15,901,0.0015074432575988817,climatology,0.009999999999999943,3.5700000000000003,0,0,0,1,1,한산함,False,False
2026-12-16,880,0.0010630859381392894,climatology,-1.61,0.18,0,0,0,1,1,한산함,False,False
2026-12-17,806,0.0013414187505160148,climatology,-2.7399999999999998,1.03,0,0,0,1,1,한산함,False,False
2026-12-18,919,0.003941877331762952,climatology,-2.5,0.64,0,0,0,1,1,한산함,False,False
2026-12-19,2131,0.03194875425466603,climatology,-1.1599999999999997,0.06,0,0,0,1,1,한산함,True,False
2026-12-20,2028,0.01943992858168014,climatology,-0.02000000000000015,0.13999999999999999,0,0,0,1,1,한산함,True,False
2026-12-21,979,0.0025413355164398874,climatology,0.53,3.81,0,0,0,1,1,한산함,False,False
2026-12-22,982,0.0029392811421245163,climatology,0.44000000000000006,2.38,0,0,0,1,1,한산함,False,False
2026-12-23,943,0.0019468427971544248,climatology,0.41999999999999993,0.33999999999999997,0,0,0,1,1,한산함,False,False
2026-12-24,796,0.004421069153670747,climatology,-0.82,2.13,0,0,0,1,1,한산함,False,False
2026-12-25,2522,0.11129438698986953,climatology,-1.52,0.07999999999999999,0,0,0,1,1,한산함,False,True
2026-12-26,2214,0.10235923075541606,climatology,-1.17,0.1,0,0,0,1,1,한산함,True,False
2026-12-27,2373,0.10677051494607233,climatology,-3.22,0.05,0,0,0,1,1,한산함,True,False
2026-12-28,1026,0.037013872866976986,climatology,-2.34,0.14,0,0,0,1,1,한산함,False,False
2026-12-29,608,0.042218914078429544,climatology,-0.9099999999999999,0.21000000000000002,0,0,0,1,1,한산함,False,False
2026-12-30,1321,0.028069097649406877,climatology,-1.6800000000000002,1.67,0,0,0,1,1,한산함,False,False
2026-12-31,1068,0.01285729185759728,climatology,-2.63,0.5700000000000001,0,0,0,1,1,한산함,False,False
2027-01-01,2657,0.003638307589531423,climatology,-1.3727272727272728,0.009090909090909092,0,0,0,1,1,한산함,False,True
2027-01-02,2356,0.0013224203410076166,climatology,-0.7636363636363637,0.05454545454545454,0,0,0,1,1,한산함,True,False
2027-01-03,2317,0.0015990440134133353,climatology,-1.3,0.05454545454545454,0,0,0,1,1,한산함,True,False
2027-01-04,733,9.266092268086018e-05,climatology,-0.24545454545454556,0.0,0,0,0,1,1,한산함,False,False
2027-01-05,710,0.0001128510526353375,climatology,-0.309090909090909,0.6454545454545455,0,0,0,1,1,한산함,False,False
2027-01-06,587,0.0001296476025651565,climatology,-0.8454545454545456,1.4909090909090907,0,0,0,1,1,한산함,False,False
2027-01-07,538,0.00014934215693926265,climatology,-2.0272727272727273,4.2272727272727275,0,0,0,1,1,한산함,False,False
2027-01-08,462,0.00020029136325726664,climatology,-2.0999999999999996,1.1363636363636365,0,0,0,1,1,한산함,False,False
2027-01-09,1226,0.0007288782189138106,climatology,-2.809090909090909,0.19090909090909092,0,0,0,1,1,한산함,True,False
2027-01-10,1432,0.000796406785545441,climatology,-2.390909090909091,0.10909090909090911,0,0,0,1,1,한산함,True,False
2027-01-11,725,0.00012574737518350853,climatology,-2.881818181818182,0.018181818181818184,0,0,0,1,1,한산함,False,False
2027-01-12,937,0.00022878410249634434,climatology,-2.4272727272727277,0.23636363636363636,0,0,0,1,1,한산함,False,False
2027-01-13,791,0.00024356717571355932,climatology,-1.1363636363636365,3.636363636363636,0,0,0,1,1,한산함,False,False
2027-01-14,731,0.00015149202791987478,climatology,-0.4,0.43636363636363634,0,0,0,1,1,한산함,False,False
2027-01-15,749,0.0002593475036274509,climatology,-0.7090909090909091,0.32727272727272727,0,0,0,1,1,한산함,False,False
2027-01-16,1561,0.0009527604409461334,climatology,-1.8818181818181818,0.03636363636363637,0,0,0,1,1,한산함,True,False
2027-01-17,1379,0.000612064066012007,climatology,-1.4272727272727272,0.9272727272727272,0,0,0,1,1,한산함,True,False
2027-01-18,857,8.711426981176933e-05,climatology,-0.9909090909090907,0.45454545454545453,0,0,0,1,1,한산함,False,False
2027-01-19,885,0.0002825974866160608,climatology,-0.9454545454545454,0.3090909090909091,0,0,0,1,1,한산함,False,False
2027-01-20,789,0.0002735034711339385,climatology,-1.4000000000000001,0.4,0,0,0,1,1,한산함,False,False
2027-01-21,914,0.000257249821990932,climatology,-0.8636363636363636,1.0636363636363635,0,0,0,1,1,한산함,False,False
2027-01-22,986,0.0004123952131558696,climatology,-0.709090909090909,0.3272727272727272,0,0,0,1,1,한산함,False,False
2027-01-23,1786,0.0019662431917182093,climatology,-2.290909090909091,0.0,0,0,0,1,1,한산함,True,False
2027-01-24,1980,0.0026604819047064284,climatology,-3.3363636363636364,0.0,0,0,0,1,1,한산함,True,False
2027-01-25,1200,0.0001657660161052524,climatology,-2.1090909090909093,0.33636363636363636,0,0,0,1,1,한산함,False,False
2027-01-26,1429,0.0009893718541133358,climatology,-0.8454545454545456,0.3272727272727272,0,0,0,1,1,한산함,False,False
2027-01-27,1498,0.0009267973522037369,climatology,-1.6727272727272728,0.7909090909090909,0,0,0,1,1,한산함,False,False
2027-01-28,1308,0.0012742557892435156,climatology,-1.9272727272727272,0.19090909090909092,0,0,0,1,1,한산함,False,False
2027-01-29,1485,0.001809360468340836,climatology,-1.8454545454545455,0.4272727272727273,0,0,0,1,1,한산함,False,False
2027-01-30,1665,0.002970486860884913,climatology,-1.227272727272727,0.3181818181818182,0,0,0,1,1,한산함,True,False
2027-01-31,2140,0.003099371263157567,climatology,-0.5181818181818182,0.3272727272727272,0,0,0,1,1,한산함,True,False
2027-02-01,825,4.323230308145694e-05,climatology,-0.7181818181818183,0.24545454545454548,0,0,0,1,1,한산함,False,False
2027-02-02,764,0.00015567246492995566,climatology,-1.3545454545454545,0.0,0,0,0,1,1,한산함,False,False
2027-02-03,730,9.19920019178308e-05,climatology,-1.1181818181818182,1.8090909090909089,0,0,0,1,1,한산함,False,False
2027-02-04,665,7.839670496082313e-05,climatology,-1.981818181818182,0.16363636363636364,0,0,0,1,1,한산함,False,False
2027-02-05,703,0.00012212838669332997,climatology,-2.309090909090909,0.4,0,0,0,1,1,한산함,False,False
2027-02-06,2577,0.0006908125997709743,climatology,-1.3,0.22727272727272727,0,0,0,1,1,한산함,True,True
2027-02-07,2739,0.0009198727402153649,climatology,-1.6636363636363638,0.08181818181818182,0,0,0,1,1,한산함,True,True
2027-02-08,2330,0.00038409192966148173,climatology,-2.7,0.0,0,0,0,1,1,한산함,False,True
2027-02-09,2391,0.000970832746047911,climatology,-1.4272727272727272,0.018181818181818184,0,0,0,1,1,한산함,False,True
2027-02-10,2871,0.0006549298407770152,climatology,0.36363636363636365,0.05454545454545454,0,0,0,1,1,한산함,False,True
2027-02-11,1063,0.00021098216276534032,climatology,1.4909090909090907,0.009090909090909092,0,0,0,1,1,한산함,False,False
2027-02-12,1295,0.00022138661321476137,climatology,2.1818181818181817,2.4727272727272727,0,0,0,1,1,한산함,False,False
2027-02-13,2746,0.0010723621632965212,climatology,3.6181818181818177,1.9090909090909092,0,0,0,1,1,한산함,True,False
2027-02-14,2936,0.0019078760356702946,climatology,3.7363636363636363,0.38181818181818183,0,0,0,1,1,한산함,True,False
2027-02-15,1053,5.505295020338077e-05,climatology,1.8636363636363635,1.5,0,0,0,1,1,한산함,False,False
2027-02-16,1081,0.00017241592378945268,climatology,-0.08181818181818185,2.4,0,0,0,1,1,한산함,False,False
2027-02-17,959,0.00012617083428583735,climatology,-1.3636363636363638,0.5,0,0,0,1,1,한산함,False,False
2027-02-18,1106,0.0001400411185982042,climatology,0.06363636363636366,1.5545454545454547,0,0,0,1,1,한산함,False,False
2027-02-19,1179,0.0002557804357081787,climatology,1.8636363636363635,1.3636363636363635,0,0,0,1,1,한산함,False,False
2027-02-20,2598,0.0023282689127371646,climatology,1.5545454545454547,0.2818181818181818,0,0,0,1,1,한산함,True,False
2027-02-21,2872,0.0016552567948429288,climatology,1.6909090909090911,2.7363636363636363,0,0,0,1,1,한산함,True,False
2027-02-22,1401,9.374661712355657e-05,climatology,1.6363636363636365,1.8090909090909089,0,0,0,1,1,한산함,False,False
2027-02-23,1448,0.0003116018787704291,climatology,0.8272727272727273,0.45454545454545453,0,0,0,1,1,한산함,False,False
2027-02-24,1572,0.00031576493495986344,climatology,1.7,0.20909090909090908,0,0,0,1,1,한산함,False,False
2027-02-25,1789,0.0005985897107689922,climatology,3.0818181818181816,1.7181818181818185,0,0,0,1,1,한산함,False,False
2027-02-26,2374,0.0036238621022991547,climatology,4.090909090909091,0.14545454545454548,0,0,0,1,1,한산함,False,False
2027-02-27,4595,0.06937895474427049,climatology,4.7727272727272725,0.018181818181818184,0,0,0,1,1,보통,True,False
2027-02-28,4451,0.02202457849213354,climatology,5.254545454545454,3.0,0,0,0,0,0,보통,True,False
2027-03-01,2822,3.8925869997130995e-05,climatology,3.436363636363636,6.918181818181819,0,0,0,0,0,한산함,False,True
2027-03-02,296,0.0003306922489312136,climatology,3.190909090909091,1.1272727272727272,0,0,0,0,0,한산함,False,False
2027-03-03,516,0.0005081926877492315,climatology,5.290909090909091,1.4454545454545455,0,0,0,0,0,한산함,False,False
2027-03-04,627,0.0007678664726080351,climatology,6.218181818181819,1.4181818181818182,0,0,0,0,0,한산함,False,False
2027-03-05,671,0.001143228693818645,climatology,5.781818181818182,4.0,0,0,0,0,0,한산함,False,False
2027-03-06,5483,0.04266773652730214,climatology,5.0636363636363635,0.018181818181818184,0,0,0,0,0,보통,True,False
2027-03-07,8402,0.2606124589679183,climatology,5.572727272727272,0.23636363636363636,0,0,0,0,0,붐빔,True,False
2027-03-08,531,0.002606508082301327,climatology,5.790909090909091,0.4727272727272727,0,0,0,0,0,한산함,False,False
2027-03-09,5853,0.18442598883725822,climatology,5.581818181818182,0.33636363636363636,0,0,0,0,0,보통,False,False
2027-03-10,674,0.004715787704203593,climatology,5.927272727272728,1.0727272727272728,0,0,0,0,0,한산함,False,False
2027-03-11,2920,0.01978303187189819,climatology,6.927272727272728,0.0,0,0,0,0,0,한산함,False,False
2027-03-12,1360,0.008453970442340907,climatology,6.845454545454545,0.9363636363636363,0,0,0,0,0,한산함,False,False
2027-03-13,3606,0.013908034211140874,climatology,6.927272727272728,3.890909090909091,0,0,0,0,0,보통,True,False
2027-03-14,8647,0.19497375861811447,climatology,7.9818181818181815,0.7909090909090909,0,0,0,0,0,붐빔,True,False
2027-03-15,639,0.0008313979909939454,climatology,7.890909090909091,2.9272727272727277,0,0,0,0,0,한산함,False,False
2027-03-16,846,0.006055896252760102,climatology,7.054545454545454,0.19090909090909092,0,0,0,0,0,한산함,False,False
2027-03-17,983,0.007539121261331605,climatology,7.745454545454546,0.15454545454545454,0,0,0,0,0,한산함,False,False
2027-03-18,682,0.0013462102946813744,climatology,8.636363636363637,1.0818181818181818,0,0,0,0,0,한산함,False,False
2027-03-19,711,0.002771005706941588,climatology,8.9,1.4363636363636363,0,0,0,0,0,한산함,False,False
2027-03-20,7097,0.15402953609499778,climatology,8.672727272727274,1.9636363636363638,0,0,0,0,0,보통,True,False
2027-03-21,15365,0.7694159548171156,climatology,8.30909090909091,0.41818181818181815,0,0,0,0,0,매우 붐빔,True,False
2027-03-22,1023,0.0008453578596811117,climatology,8.781818181818183,0.49090909090909096,0,0,0,0,0,한산함,False,False
2027-03-23,1173,0.003758859436558383,climatology,9.345454545454546,0.16363636363636364,0,0,0,0,0,한산함,False,False
2027-03-24,1986,0.007533575496411391,climatology,9.799999999999999,0.0,0,0,0,0,0,한산함,False,False
2027-03-25,1163,0.0011472548822389782,climatology,10.072727272727272,1.4545454545454546,0,0,0,0,0,한산함,False,False
2027-03-26,1229,0.001676756406574612,climatology,10.509090909090908,3.0090909090909093,0,0,0,0,0,한산함,False,False
2027-03-27,8580,0.4143273097411013,climatology,10.072727272727272,2.5636363636363635,0,0,0,0,0,붐빔,True,False
2027-03-28,15567,0.7102100851745896,climatology,9.172727272727274,1.009090909090909,0,0,0,0,0,매우 붐빔,True,False
2027-03-29,1078,0.0012284042257872494,climatology,9.681818181818182,0.15454545454545454,0,0,0,0,0,한산함,False,False
2027-03-30,1184,0.0025204477225993947,climatology,10.227272727272727,0.2,0,0,0,0,0,한산함,False,False
2027-03-31,1293,0.004013841546041374,climatology,11.272727272727273,0.36363636363636365,0,0,0,0,0,한산함,False,False
2027-04-01,3972,0.037179520081515496,climatology,12.390909090909092,0.3181818181818182,1,0,0,0,1,보통,False,False
2027-04-02,4184,0.023263236938651195,climatology,12.936363636363637,2.5454545454545454,1,0,0,0,1,보통,False,False
2027-04-03,16470,0.5652873373011826,climatology,12.545454545454545,5.618181818181818,1,0,0,0,1,매우 붐빔,True,False
2027-04-04,20080,0.9345546411853698,climatology,12.481818181818182,2.3636363636363638,1,0,0,0,1,매우 붐빔,True,False
2027-04-05,1647,0.0006811195680567399,climatology,10.563636363636364,11.054545454545455,1,0,0,0,1,한산함,False,False
2027-04-06,2928,0.01117905468410907,climatology,10.627272727272727,1.4545454545454546,1,0,0,0,1,한산함,False,False
2027-04-07,4242,0.048268150116323294,climatology,11.509090909090908,0.7000000000000001,1,0,0,0,1,보통,False,False
2027-04-08,4326,0.04078728457408578,climatology,11.090909090909092,0.3181818181818182,1,0,0,0,1,보통,False,False
2027-04-09,5392,0.05169729944340032,climatology,11.936363636363637,1.7454545454545454,1,0,0,0,1,보통,False,False
2027-04-10,26339,0.9850418673613107,climatology,13.218181818181819,0.9636363636363636,1,0,0,0,1,매우 붐빔,True,False
2027-04-11,25841,0.9994488009534439,climatology,13.881818181818181,0.2636363636363636,1,0,0,0,1,매우 붐빔,True,False
2027-04-12,3578,0.007148288996624282,climatology,13.490909090909092,3.4454545454545453,1,0,0,0,1,보통,False,False
2027-04-13,4812,0.038130509483811297,climatology,12.645454545454545,1.9090909090909092,1,0,0,0,1,보통,False,False
2027-04-14,4224,0.017387478713725018,climatology,11.536363636363637,3.1454545454545455,1,0,0,0,1,보통,False,False
2027-04-15,4090,0.013157193460110935,climatology,12.70909090909091,2.063636363636364,1,0,0,0,1,보통,False,False
2027-04-16,5445,0.027826894446039748,climatology,13.563636363636363,3.0454545454545454,1,0,0,0,1,보통,False,False
2027-04-17,20579,0.803400464815453,climatology,13.463636363636363,2.9545454545454546,1,0,0,0,1,매우 붐빔,True,False
2027-04-18,25082,0.9796254204227548,climatology,13.781818181818181,0.9545454545454546,1,0,0,0,1,매우 붐빔,True,False
2027-04-19,3513,0.008153469150098715,climatology,14.418181818181818,2.8636363636363638,1,0,0,0,1,보통,False,False
2027-04-20,5038,0.04843560303353657,climatology,14.545454545454545,1.1545454545454545,1,0,0,0,1,보통,False,False
2027-04-21,5062,0.029917255629147297,climatology,15.590909090909092,1.5727272727272728,1,0,0,0,1,보통,False,False
2027-04-22,4064,0.006485815483335645,climatology,15.7,4.572727272727272,1,0,0,0,1,보통,False,False
2027-04-23,4600,0.017191197973389125,climatology,15.218181818181819,5.363636363636363,1,0,0,0,1,보통,False,False
2027-04-24,19818,0.9698928941106028,climatology,15.3,1.4909090909090907,1,0,0,0,1,매우 붐빔,True,False
2027-04-25,21336,0.9929797367694373,climatology,15.090909090909092,1.1818181818181819,1,0,0,0,1,매우 붐빔,True,False
2027-04-26,4384,0.05081422881927515,climatology,15.363636363636363,0.5363636363636364,1,0,0,0,1,보통,False,False
2027-04-27,7888,0.2068939492053332,climatology,15.327272727272726,0.15454545454545454,1,0,0,0,1,보통,False,False
2027-04-28,8378,0.2361813993799451,climatology,16.20909090909091,0.6,1,0,0,0,1,붐빔,False,False
2027-04-29,4442,0.05298260862503877,climatology,15.572727272727274,4.390909090909091,1,0,0,0,1,보통,False,False
2027-04-30,5809,0.08674612862156955,climatology,16.563636363636363,2.4000000000000004,1,0,0,0,1,보통,False,False
2027-05-01,24758,0.9912470601783809,climatology,17.11818181818182,2.6454545454545455,1,0,0,0,1,매우 붐빔,True,False
2027-05-02,25644,0.9853362638874776,climatology,17.254545454545454,2.790909090909091,1,0,0,0,1,매우 붐빔,True,False
2027-05-03,4236,0.04114571026517417,climatology,16.62727272727273,3.527272727272727,1,0,0,0,1,보통,False,False
2027-05-04,10382,0.2375938002876124,climatology,17.7,1.781818181818182,1,0,1,0,2,붐빔,False,False
2027-05-05,27800,0.8575626317825927,climatology,17.145454545454545,7.827272727272727,1,0,1,0,2,매우 붐빔,False,True
2027-05-06,6277,0.030408350198551252,climatology,15.754545454545456,8.299999999999999,1,0,1,0,2,보통,False,False
2027-05-07,7010,0.05223477075421535,climatology,16.354545454545455,1.0636363636363637,0,0,1,0,1,보통,False,False
2027-05-08,17487,0.698093008835456,climatology,16.727272727272727,0.3909090909090909,0,0,0,0,0,매우 붐빔,True,False
2027-05-09,8366,0.19698843637396637,climatology,16.654545454545453,4.045454545454546,0,0,0,0,0,붐빔,True,False
2027-05-10,2693,0.001976902503275496,climatology,16.3,2.8545454545454545,0,0,0,0,0,한산함,False,False
2027-05-11,3652,0.002639229198591079,climatology,17.854545454545455,4.463636363636363,0,0,0,0,0,보통,False,False
2027-05-12,3612,0.0017305399439239766,climatology,17.745454545454546,3.8363636363636364,0,0,0,0,0,보통,False,False
2027-05-13,25670,0.8380442776694218,climatology,18.3,0.6363636363636364,0,0,0,0,0,매우 붐빔,False,True
2027-05-14,7483,0.07147699754782698,climatology,19.19090909090909,0.0,0,0,0,0,0,보통,False,False
2027-05-15,8232,0.21185421794647785,climatology,18.5,8.518181818181818,0,0,0,0,0,붐빔,True,False
2027-05-16,6776,0.13516523528286692,climatology,18.754545454545454,15.3,0,0,0,0,0,보통,True,False
2027-05-17,4308,0.0007236716431826332,climatology,19.59090909090909,8.027272727272727,0,0,0,0,0,보통,False,False
2027-05-18,4788,0.003800603512144941,climatology,19.454545454545453,3.5545454545454547,0,0,0,0,0,보통,False,False
2027-05-19,4434,0.004221732293162192,climatology,19.081818181818182,3.963636363636364,0,0,0,0,0,보통,False,False
2027-05-20,5667,0.011662937200553511,climatology,19.19090909090909,0.9636363636363636,0,0,0,0,0,보통,False,False
2027-05-21,8014,0.07009816862214864,climatology,19.8,0.6454545454545455,0,0,0,0,0,붐빔,False,False
2027-05-22,19362,0.8787713805046672,climatology,20.563636363636363,1.2272727272727273,0,0,0,0,0,매우 붐빔,True,False
2027-05-23,22811,0.990504358986007,climatology,20.545454545454547,1.1545454545454545,1,0,0,0,1,매우 붐빔,True,False
2027-05-24,5692,0.013488178914321901,climatology,19.8,5.218181818181818,1,0,0,0,1,보통,False,False
2027-05-25,7629,0.09106082245006061,climatology,19.60909090909091,1.0727272727272728,1,0,0,0,1,보통,False,False
2027-05-26,7186,0.11384196810170756,climatology,19.89090909090909,0.9727272727272727,1,0,0,0,1,보통,False,False
2027-05-27,6000,0.050906310693276356,climatology,19.40909090909091,4.345454545454545,1,0,0,0,1,보통,False,False
2027-05-28,6834,0.07027729951624802,climatology,20.39090909090909,4.918181818181818,1,0,0,0,1,보통,False,False
2027-05-29,24428,0.993811897636714,climatology,21.336363636363636,0.3272727272727272,1,0,0,0,1,매우 붐빔,True,False
2027-05-30,21129,0.9719062520966958,climatology,21.272727272727273,1.6818181818181819,1,0,0,0,1,매우 붐빔,True,False
2027-05-31,5908,0.07061738117620815,climatology,21.227272727272727,0.5454545454545454,1,0,0,0,1,보통,False,False
2027-06-01,12144,0.29482012738591895,climatology,21.736363636363635,0.32727272727272727,1,0,0,0,1,붐빔,False,False
2027-06-02,7664,0.11009662484882783,climatology,21.427272727272726,0.18181818181818182,1,0,0,0,1,보통,False,False
2027-06-03,6439,0.03905043918836255,climatology,22.163636363636364,1.6454545454545455,1,0,0,0,1,보통,False,False
2027-06-04,8151,0.1202008493369046,climatology,22.154545454545453,0.018181818181818184,1,0,0,0,1,붐빔,False,False
2027-06-05,23032,0.9859318867272202,climatology,22.545454545454547,0.09090909090909091,1,0,0,0,1,매우 붐빔,True,False
