step,depth,learning_rate,iterations,l2_leaf_reg,MAE,RMSE,MAPE,R2,Precision@5,Recall@5,NDCG@5,Precision@10,Recall@10,NDCG@10,Precision@20,Recall@20,NDCG@20
1,6,0.1,600,8.0,3191.358695652174,4794.845143031438,144.7340625547901,0.7105797693434075,1.0,0.35714285714285715,0.9646016786298508,0.8,0.5714285714285714,0.9229430645569593,0.55,0.7857142857142857,0.8763637258729063
2,5,0.1,600,10.0,3238.836956521739,4597.42491604764,177.2340446490044,0.7339219772343297,1.0,0.35714285714285715,0.9706279321643437,0.8,0.5714285714285714,0.9353575324282163,0.55,0.7857142857142857,0.8942752389322104
3,9,0.04,800,15.0,3329.478260869565,4599.157359021702,207.88798992373168,0.7337214076276481,1.0,0.35714285714285715,0.9867634186171989,0.9,0.6428571428571429,0.9628454778530009,0.6,0.8571428571428571,0.9242339862671758
4,8,0.08,600,15.0,3274.3152173913045,4726.194345256068,206.50895128848538,0.7188080608479601,1.0,0.35714285714285715,0.9510779076819003,0.9,0.6428571428571429,0.9218708683908271,0.6,0.8571428571428571,0.8992943251087437
5,8,0.06,600,5.0,3223.6304347826085,4490.649650396777,181.89175942744967,0.7461377868777699,1.0,0.35714285714285715,0.9472730440256365,0.9,0.6428571428571429,0.9347650407602788,0.55,0.7857142857142857,0.878914491544493
6,5,0.06,400,3.0,2709.6739130434785,4438.819704557194,94.43359598667489,0.7519639966919268,1.0,0.35714285714285715,0.9706279321643437,0.9,0.6428571428571429,0.9599995384548227,0.55,0.7857142857142857,0.8878366735960003
7,8,0.02,1200,2.0,3039.554347826087,4401.129352346617,163.3847608109522,0.756158298449379,1.0,0.35714285714285715,0.9786849798212441,0.9,0.6428571428571429,0.9541742571435725,0.55,0.7857142857142857,0.9000729100582464
8,8,0.1,400,5.0,3261.717391304348,4369.5617156594235,196.906879601103,0.7596437222935098,1.0,0.35714285714285715,0.9867634186171989,0.9,0.6428571428571429,0.9616967342602631,0.6,0.8571428571428571,0.9189502308043251
9,10,0.02,1200,5.0,3563.8152173913045,4824.234130476274,226.06880887441702,0.707021016382456,1.0,0.35714285714285715,0.9867634186171989,0.9,0.6428571428571429,0.946099724055273,0.55,0.7857142857142857,0.9033749501980235
10,8,0.04,400,15.0,3247.0652173913045,4535.726941880909,193.7305810744312,0.7410156524008202,1.0,0.35714285714285715,0.9747566417980538,0.9,0.6428571428571429,0.9508738624693244,0.5,0.7142857142857143,0.8812263723190117
11,7,0.05,1200,8.0,2915.2608695652175,4357.307148567395,144.51028026337985,0.7609900046000806,1.0,0.35714285714285715,0.9905284365423528,0.9,0.6428571428571429,0.9620887191207789,0.55,0.7857142857142857,0.8801592377983222
12,5,0.02,400,5.0,2999.8804347826085,4383.642305058164,191.73067993552309,0.7580921657768056,1.0,0.35714285714285715,0.9979658789064407,0.9,0.6428571428571429,0.9626593275743208,0.5,0.7142857142857143,0.891654142939048
13,9,0.1,800,3.0,3113.2934782608695,4530.398395236915,178.21684789922566,0.7416238016919046,1.0,0.35714285714285715,0.9668782285731193,0.9,0.6428571428571429,0.931424880976173,0.5,0.7142857142857143,0.8592535265259607
14,8,0.04,400,5.0,3252.532608695652,4480.441800566197,196.6718902282806,0.7472906009536684,1.0,0.35714285714285715,0.9905284365423528,0.9,0.6428571428571429,0.9614470452495624,0.55,0.7857142857142857,0.8918055218167251
15,9,0.02,1200,3.0,3167.663043478261,4448.961953915914,193.22770648191047,0.7508292279215383,1.0,0.35714285714285715,0.9800318934030322,0.9,0.6428571428571429,0.9572615672221195,0.55,0.7857142857142857,0.906675960669338
16,10,0.06,1000,10.0,3736.9239130434785,4996.1421192843345,244.51552754648404,0.6857688160548356,1.0,0.35714285714285715,0.9979658789064407,0.9,0.6428571428571429,0.9633010014455373,0.55,0.7857142857142857,0.892682681209674
17,5,0.02,400,10.0,3363.7065217391305,4825.565059275892,207.52550677565765,0.7068593376808331,1.0,0.35714285714285715,0.9867634186171989,0.9,0.6428571428571429,0.9623384081314796,0.5,0.7142857142857143,0.8863311734300804
18,7,0.05,1000,8.0,2897.728260869565,4328.156713037167,148.25700888434594,0.7641772667088162,1.0,0.35714285714285715,0.9905284365423528,0.9,0.6428571428571429,0.946503009990607,0.55,0.7857142857142857,0.8811715933930802
19,5,0.06,800,2.0,3183.108695652174,4767.02508179208,145.82132949937963,0.7139285032617753,1.0,0.35714285714285715,0.991740114933199,0.9,0.6428571428571429,0.9467552262478408,0.55,0.7857142857142857,0.889542947191098
20,7,0.03,800,10.0,3141.1304347826085,4524.35631021023,178.67750087161755,0.742312522550979,1.0,0.35714285714285715,0.9860581469375251,0.9,0.6428571428571429,0.9610395881088875,0.55,0.7857142857142857,0.9057062024361439
21,8,0.03,1200,2.0,2893.5108695652175,4393.628975697306,155.4099158287812,0.7569886972194889,1.0,0.35714285714285715,0.9655382830279855,0.9,0.6428571428571429,0.9554530563261501,0.55,0.7857142857142857,0.8965390908640548
22,8,0.1,1000,3.0,3033.086956521739,4376.281645812831,186.21953821565756,0.7589038680516019,1.0,0.35714285714285715,0.991740114933199,0.9,0.6428571428571429,0.9623409353780127,0.6,0.8571428571428571,0.906782150839021
23,5,0.1,1200,15.0,2774.445652173913,4431.324310102382,95.98513521677822,0.7528009570305706,1.0,0.35714285714285715,0.9879019568203272,0.8,0.5714285714285714,0.9246495304682429,0.6,0.8571428571428571,0.9014481060611358
24,6,0.02,800,8.0,3154.25,4385.090414763666,174.5482202567785,0.7579323138000995,1.0,0.35714285714285715,0.9905284365423528,0.9,0.6428571428571429,0.9620887191207789,0.5,0.7142857142857143,0.8908261613957114
25,10,0.08,1200,5.0,3608.032608695652,5231.945310136649,234.93811794319723,0.6554072741335307,1.0,0.35714285714285715,0.9638596628803353,0.9,0.6428571428571429,0.9320527429134816,0.6,0.8571428571428571,0.9120704448948934
26,5,0.06,400,15.0,3022.891304347826,4585.374424046051,148.25396615797325,0.7353150044052675,1.0,0.35714285714285715,0.9905284365423528,0.9,0.6428571428571429,0.9620887191207789,0.5,0.7142857142857143,0.8853439058324517
27,5,0.08,400,10.0,3170.836956521739,4781.367460620263,150.101600949863,0.7122045274482717,1.0,0.35714285714285715,0.991740114933199,0.9,0.6428571428571429,0.9469099982339293,0.5,0.7142857142857143,0.8788312639311122
28,9,0.04,1200,8.0,3123.586956521739,4464.784251567311,179.69889348357606,0.7490537734947169,1.0,0.35714285714285715,0.9800318934030322,0.9,0.6428571428571429,0.9569101458252457,0.55,0.7857142857142857,0.9028824547738734
29,10,0.08,1000,5.0,3569.413043478261,5163.372166562738,238.2419111718961,0.6643809738079046,1.0,0.35714285714285715,0.9797281590138133,0.9,0.6428571428571429,0.9347216989452632,0.6,0.8571428571428571,0.9130779098242947
30,5,0.06,1000,5.0,3592.5652173913045,4957.886650930845,183.90006914358875,0.690562530158604,1.0,0.35714285714285715,0.991740114933199,0.8,0.5714285714285714,0.9273787311546159,0.55,0.7857142857142857,0.8880784067583166
31,9,0.04,1000,2.0,3305.9891304347825,4716.432389967064,175.92377607964812,0.7199684652053455,1.0,0.35714285714285715,0.9857138613987061,0.9,0.6428571428571429,0.9435252416825829,0.5,0.7142857142857143,0.8690193905362361
32,7,0.03,800,5.0,2927.4565217391305,4326.1982758236045,152.98492324589222,0.7643906321472472,1.0,0.35714285714285715,0.991740114933199,0.9,0.6428571428571429,0.9622773334594212,0.55,0.7857142857142857,0.8889580606417645
33,10,0.04,600,3.0,3459.804347826087,4940.010213860238,217.08856587806957,0.6927899577903025,1.0,0.35714285714285715,0.9702863521932261,0.9,0.6428571428571429,0.9505967633559396,0.6,0.8571428571428571,0.9052907199998039
34,8,0.08,800,8.0,3029.445652173913,4369.176968312771,173.7381271946859,0.7596860479887453,1.0,0.35714285714285715,0.9879019568203272,0.9,0.6428571428571429,0.9602211070919628,0.55,0.7857142857142857,0.8789335015324471
35,9,0.1,400,2.0,2910.978260869565,4340.4693469916265,154.80853058872964,0.7628336328112912,1.0,0.35714285714285715,0.9712425382722156,0.9,0.6428571428571429,0.9513019692863518,0.55,0.7857142857142857,0.8947153275032687
36,10,0.05,600,3.0,3550.5108695652175,5092.844215811214,215.90435877581086,0.6734869844679079,1.0,0.35714285714285715,0.9678204270448977,0.9,0.6428571428571429,0.9310111783450534,0.6,0.8571428571428571,0.9113265878227028
37,5,0.08,600,15.0,3046.467391304348,4709.220168756828,150.39712645457732,0.7208242413579642,1.0,0.35714285714285715,0.991740114933199,0.9,0.6428571428571429,0.947262295969362,0.55,0.7857142857142857,0.9008883129069774
38,6,0.06,400,15.0,3325.9347826086955,4682.54077955269,173.98816978475728,0.7239785386762039,1.0,0.35714285714285715,0.9646016786298508,0.8,0.5714285714285714,0.9227551147614187,0.55,0.7857142857142857,0.8826426271402212
39,5,0.08,800,3.0,3583.1521739130435,5067.180525525104,181.46600105989978,0.6767694001986352,1.0,0.35714285714285715,0.991740114933199,0.8,0.5714285714285714,0.9356614514792178,0.5,0.7142857142857143,0.8736265485687206
40,7,0.08,400,2.0,2648.163043478261,4178.689019766013,123.87723847064146,0.7801837381304596,1.0,0.35714285714285715,0.9857138613987061,0.9,0.6428571428571429,0.9586652171700467,0.55,0.7857142857142857,0.8852267108109491
41,6,0.05,600,3.0,3005.1847826086955,4575.2934296492185,138.14266533717569,0.7364775506147219,1.0,0.35714285714285715,0.9834722685313941,0.8,0.5714285714285714,0.9293582379851361,0.55,0.7857142857142857,0.8858772098343798
42,8,0.05,400,8.0,3311.4891304347825,4604.639242584355,216.69264985657838,0.733086257289796,1.0,0.35714285714285715,0.9712425382722156,0.9,0.6428571428571429,0.9510117168120091,0.55,0.7857142857142857,0.899025444066014
43,7,0.05,800,8.0,2917.967391304348,4410.366788207273,144.53643455873805,0.7551336360364665,1.0,0.35714285714285715,0.9860581469375251,0.9,0.6428571428571429,0.9442914186334554,0.6,0.8571428571428571,0.9093834322151385
44,5,0.1,1200,2.0,2857.608695652174,4400.793223954063,120.44531473384029,0.7561955429758462,1.0,0.35714285714285715,0.9813239857424131,0.9,0.6428571428571429,0.9447789776387817,0.55,0.7857142857142857,0.8951682382336815
45,9,0.04,400,10.0,3188.8152173913045,4386.525577413672,188.8338855608345,0.7577738389139972,1.0,0.35714285714285715,0.9860581469375251,0.9,0.6428571428571429,0.9623439800262725,0.6,0.8571428571428571,0.9270799264412254
46,6,0.03,1200,2.0,3214.6304347826085,4720.499844572468,140.49010769680223,0.7194852581515604,1.0,0.35714285714285715,0.991740114933199,0.9,0.6428571428571429,0.9613631488915682,0.55,0.7857142857142857,0.8815750317115
47,8,0.05,1000,15.0,3541.6847826086955,4795.819294606683,214.8239033321969,0.7104621564464406,1.0,0.35714285714285715,0.9715645365624784,0.9,0.6428571428571429,0.9446374623276416,0.55,0.7857142857142857,0.8929154208953031
48,7,0.06,400,8.0,3111.217391304348,4495.344127659968,168.69725608507846,0.7456067397456676,1.0,0.35714285714285715,0.9857138613987061,0.9,0.6428571428571429,0.9586652171700467,0.6,0.8571428571428571,0.9123459478298832
49,6,0.06,1000,5.0,2683.6739130434785,4300.818926063106,111.09781585233429,0.7671468965054822,1.0,0.35714285714285715,0.978495572215394,0.9,0.6428571428571429,0.9615824326732643,0.55,0.7857142857142857,0.8884083458287357
50,9,0.1,600,5.0,2747.163043478261,4379.912306795353,150.6928842296029,0.7585036646413628,1.0,0.35714285714285715,0.9816442051974019,0.9,0.6428571428571429,0.9617986313150203,0.55,0.7857142857142857,0.9002571218534725
51,7,0.08,600,5.0,2968.9347826086955,4356.588855575166,146.58758417691132,0.7610687987031519,1.0,0.35714285714285715,0.9786849798212441,0.9,0.6428571428571429,0.9530578150217278,0.55,0.7857142857142857,0.881668129663859
52,8,0.05,800,10.0,3043.8695652173915,4400.41622537252,180.25008478563433,0.7562373127172737,1.0,0.35714285714285715,0.9800318934030322,0.9,0.6428571428571429,0.9567544975005984,0.6,0.8571428571428571,0.9096497885279496
53,10,0.03,600,8.0,3582.8695652173915,4862.353180973359,227.67572034221917,0.702372733117385,1.0,0.35714285714285715,0.9700662906884974,0.9,0.6428571428571429,0.9434371393450602,0.55,0.7857142857142857,0.8927626416579625
54,6,0.05,600,10.0,3590.75,4940.265790024557,187.7076158914302,0.6927581693559196,1.0,0.35714285714285715,0.9905284365423528,0.8,0.5714285714285714,0.9255307496713516,0.55,0.7857142857142857,0.8797383319905109
55,5,0.02,1000,5.0,2757.4239130434785,4278.98349494363,136.07847713226346,0.7695053035977041,1.0,0.35714285714285715,0.9905284365423528,0.9,0.6428571428571429,0.960806372401541,0.5,0.7142857142857143,0.8903205332539391
56,7,0.05,1000,2.0,2632.663043478261,4055.1935795213653,128.87474889275794,0.7929844849330431,1.0,0.35714285714285715,0.9974594721952683,0.9,0.6428571428571429,0.9634479803362298,0.6,0.8571428571428571,0.9272636685181987
57,6,0.02,800,10.0,3329.086956521739,4603.917138887181,185.44933162409262,0.7331699660354765,1.0,0.35714285714285715,0.9655382830279855,0.9,0.6428571428571429,0.9554530563261501,0.5,0.7142857142857143,0.8793612319469177
58,9,0.03,400,15.0,3351.445652173913,4562.138341830506,225.4955280179155,0.7379907550760094,1.0,0.35714285714285715,0.9979658789064407,0.9,0.6428571428571429,0.9638080711670585,0.55,0.7857142857142857,0.9082241948269106
59,9,0.1,1200,10.0,3164.945652173913,4460.517191936964,191.32978876577482,0.7495332102430075,1.0,0.35714285714285715,0.9880391389189234,0.9,0.6428571428571429,0.9411497616809187,0.5,0.7142857142857143,0.883746632422105
60,7,0.08,1000,8.0,2873.8260869565215,4448.916445998762,130.05541289011484,0.7508343253734724,1.0,0.35714285714285715,0.9786849798212441,0.9,0.6428571428571429,0.9525003420132474,0.6,0.8571428571428571,0.8931331223373092
61,5,0.08,800,5.0,3494.945652173913,4777.317417392499,199.52576401988208,0.7126918735733679,1.0,0.35714285714285715,0.9786849798212441,0.9,0.6428571428571429,0.9530578150217278,0.55,0.7857142857142857,0.8852574838317198
62,5,0.06,400,8.0,3134.0652173913045,4660.671226616258,151.35722989202307,0.7265508043541677,1.0,0.35714285714285715,0.978495572215394,0.9,0.6428571428571429,0.9610753629517431,0.55,0.7857142857142857,0.8874617485012078
63,8,0.02,400,15.0,3808.771739130435,4899.137742456852,256.03951638302016,0.6978524935538049,1.0,0.35714285714285715,0.9963010229400336,0.9,0.6428571428571429,0.9464701264117743,0.5,0.7142857142857143,0.8845106804991782
64,7,0.1,1200,15.0,3358.804347826087,4688.880247805532,172.69760528856034,0.723230648212996,1.0,0.35714285714285715,0.9786849798212441,0.8,0.5714285714285714,0.9180956107983314,0.55,0.7857142857142857,0.8614655297262985
65,9,0.04,800,10.0,3150.021739130435,4471.585369574342,181.31599524604408,0.7482886683042944,1.0,0.35714285714285715,0.9867634186171989,0.9,0.6428571428571429,0.9628314886304623,0.6,0.8571428571428571,0.9262975949092153
66,10,0.08,1200,3.0,3464.336956521739,5024.765117807044,209.61944603325566,0.6821580289372583,1.0,0.35714285714285715,0.9963010229400336,0.9,0.6428571428571429,0.9430964366235807,0.6,0.8571428571428571,0.9050949332085974
67,6,0.08,1200,10.0,3109.8695652173915,4747.9434335116175,122.04453830764824,0.7162141176238187,1.0,0.35714285714285715,0.9646016786298508,0.9,0.6428571428571429,0.9457708707648987,0.55,0.7857142857142857,0.8828296515079893
68,6,0.05,400,3.0,2560.0108695652175,4181.511013819723,109.07885971047624,0.7798867408466779,1.0,0.35714285714285715,0.9905284365423528,0.9,0.6428571428571429,0.9614793467204557,0.55,0.7857142857142857,0.9054731024547824
69,7,0.08,1000,5.0,2944.2608695652175,4360.976934826296,148.64089837778963,0.7605872398067917,1.0,0.35714285714285715,0.9762192345882158,0.9,0.6428571428571429,0.9513044965328846,0.6,0.8571428571428571,0.8973979254392943
70,9,0.1,800,15.0,3072.5,4443.186251466102,172.85574452534766,0.7514757616975377,1.0,0.35714285714285715,0.9712425382722156,0.9,0.6428571428571429,0.9518090390078731,0.55,0.7857142857142857,0.8912217599612703
71,10,0.05,400,2.0,3410.358695652174,4800.527324974422,224.67559196597043,0.7098934018807257,1.0,0.35714285714285715,0.9586649654307542,0.9,0.6428571428571429,0.9423584293324601,0.6,0.8571428571428571,0.8898142069903304
72,8,0.08,800,5.0,3284.5978260869565,4478.360655758252,214.28240562132882,0.7475253111596255,1.0,0.35714285714285715,0.9860581469375251,0.9,0.6428571428571429,0.9623439800262725,0.65,0.9285714285714286,0.937243257430599
73,5,0.1,1200,10.0,3481.521739130435,4768.768303287001,197.29036944128862,0.7137192418653237,1.0,0.35714285714285715,0.9786849798212441,0.9,0.6428571428571429,0.9525003420132474,0.55,0.7857142857142857,0.8833729580589668
74,8,0.03,400,2.0,2942.891304347826,4408.719581446078,158.19054732671154,0.7553165098099555,1.0,0.35714285714285715,0.9845021830078599,0.9,0.6428571428571429,0.9578036285124898,0.55,0.7857142857142857,0.898486526037531
75,10,0.04,800,15.0,3846.3695652173915,5025.394888226068,267.3086233560956,0.6820783515750606,1.0,0.35714285714285715,0.9808431360154806,0.9,0.6428571428571429,0.9606966546996293,0.55,0.7857142857142857,0.8984056865600195
76,6,0.04,400,8.0,3055.282608695652,4326.848700141137,158.80804336732749,0.7643197812188134,1.0,0.35714285714285715,0.9860581469375251,0.9,0.6428571428571429,0.9605222621146201,0.55,0.7857142857142857,0.9053423259250686
77,10,0.05,1200,15.0,4038.8804347826085,5286.542100507172,271.81001687911527,0.6481779097033982,1.0,0.35714285714285715,0.9638596628803353,0.9,0.6428571428571429,0.9317070240541618,0.6,0.8571428571428571,0.9148349918534701
78,7,0.05,800,15.0,3294.2391304347825,4558.910539191115,202.68762389453758,0.7383613773102651,1.0,0.35714285714285715,0.9845021830078599,0.9,0.6428571428571429,0.9571942561121662,0.6,0.8571428571428571,0.9014084285276471
79,6,0.1,1200,10.0,3100.4239130434785,4538.686267259359,143.64691067581697,0.7406775945827455,1.0,0.35714285714285715,0.9646016786298508,0.9,0.6428571428571429,0.9534075495114025,0.5,0.7142857142857143,0.8592752209616203
80,9,0.04,600,5.0,3028.163043478261,4351.40475943514,167.30851839750093,0.7616370898143882,1.0,0.35714285714285715,0.9845021830078599,0.9,0.6428571428571429,0.9426636530250259,0.55,0.7857142857142857,0.902416490164106
81,10,0.04,1200,8.0,3214.3804347826085,4509.648775247021,194.84212469630336,0.7439851527531588,1.0,0.35714285714285715,0.9800318934030322,0.9,0.6428571428571429,0.9572615672221195,0.65,0.9285714285714286,0.9477647096071317
82,10,0.03,1000,2.0,3434.4021739130435,4936.14119772855,217.24307884763462,0.6932709831735205,1.0,0.35714285714285715,0.959370237110428,0.9,0.6428571428571429,0.9272489277316595,0.6,0.8571428571428571,0.909380281903514
83,7,0.06,600,10.0,3032.836956521739,4433.983839030382,160.23466377118226,0.752504147208447,1.0,0.35714285714285715,0.9655382830279855,0.9,0.6428571428571429,0.9564451505710454,0.6,0.8571428571428571,0.9085536629153147
84,5,0.08,1000,5.0,3499.413043478261,4788.67619675744,196.29958386842662,0.7113240141562818,1.0,0.35714285714285715,0.9781359513218071,0.9,0.6428571428571429,0.9519944427792684,0.55,0.7857142857142857,0.8902794167918403
85,9,0.08,800,15.0,2883.467391304348,4263.279449325774,163.1887267374099,0.7711940490713153,1.0,0.35714285714285715,0.9762192345882158,0.9,0.6428571428571429,0.9521682778137786,0.55,0.7857142857142857,0.8980492084392285
86,5,0.02,400,2.0,3004.586956521739,4316.256293514595,190.6541187647403,0.7654722897458924,1.0,0.35714285714285715,0.9974594721952683,0.9,0.6428571428571429,0.9629409106147087,0.55,0.7857142857142857,0.9067398247433295
87,5,0.08,600,8.0,3002.25,4501.883140999707,140.99963614755973,0.744866110890295,1.0,0.35714285714285715,0.991740114933199,0.8,0.5714285714285714,0.930433333369332,0.55,0.7857142857142857,0.8951145925202474
88,5,0.04,800,10.0,3118.0760869565215,4599.683737946603,160.19604884053453,0.7336604523485961,1.0,0.35714285714285715,0.9905284365423528,0.8,0.5714285714285714,0.9289623723114517,0.55,0.7857142857142857,0.888411819962283
89,6,0.08,800,5.0,2828.663043478261,4439.951543262802,94.77666653407653,0.7518374889445325,1.0,0.35714285714285715,0.9706279321643437,0.9,0.6428571428571429,0.9497681066105246,0.55,0.7857142857142857,0.8863451851027123
90,6,0.04,800,15.0,3203.445652173913,4566.663441631147,175.33382590692835,0.7374707331524042,1.0,0.35714285714285715,0.991740114933199,0.9,0.6428571428571429,0.9623409353780127,0.55,0.7857142857142857,0.8896720081789602
91,6,0.04,400,10.0,2949.532608695652,4231.308001336456,161.40092984208712,0.7746129326473156,1.0,0.35714285714285715,0.9905284365423528,0.9,0.6428571428571429,0.9614470452495624,0.55,0.7857142857142857,0.9063667264081953
92,7,0.02,1200,15.0,3150.445652173913,4498.96589929769,178.41231022485724,0.7451966597058792,1.0,0.35714285714285715,0.9905284365423528,0.9,0.6428571428571429,0.9620887191207789,0.6,0.8571428571428571,0.9183145291316127
93,7,0.02,600,2.0,3141.6195652173915,4376.809440726747,182.2466064893338,0.7588457104667555,1.0,0.35714285714285715,0.9800318934030322,0.9,0.6428571428571429,0.9575518196964622,0.6,0.8571428571428571,0.9228639566025403
94,8,0.1,1000,15.0,3294.0652173913045,4526.46086195193,202.8548772040372,0.7420727347339202,1.0,0.35714285714285715,0.9715645365624784,0.9,0.6428571428571429,0.960477580338384,0.6,0.8571428571428571,0.915436767865847
95,8,0.05,800,2.0,3264.413043478261,4610.606717596701,203.63730060469393,0.732393984511217,1.0,0.35714285714285715,0.9860581469375251,0.9,0.6428571428571429,0.9623439800262725,0.55,0.7857142857142857,0.8890771296560811
96,6,0.03,800,5.0,3203.0108695652175,4577.276341507222,162.13514365481814,0.7362490821978134,1.0,0.35714285714285715,0.9845021830078599,0.9,0.6428571428571429,0.9578036285124898,0.55,0.7857142857142857,0.8984730391647161
97,6,0.02,400,3.0,3094.9021739130435,4346.417281483982,179.12706916421845,0.7621831886124704,1.0,0.35714285714285715,0.9905284365423528,0.9,0.6428571428571429,0.9614157448018642,0.5,0.7142857142857143,0.8901060544457495
98,7,0.05,1000,10.0,2916.913043478261,4423.70499104835,141.13945172491,0.7536503054376491,1.0,0.35714285714285715,0.9905284365423528,0.9,0.6428571428571429,0.9614157448018642,0.55,0.7857142857142857,0.9027814125216347
99,7,0.04,1200,2.0,2952.7065217391305,4321.515290054394,160.5289762036077,0.7649004368631521,1.0,0.35714285714285715,0.9860581469375251,0.9,0.6428571428571429,0.9623439800262725,0.6,0.8571428571428571,0.8988313737993712
100,10,0.1,1200,5.0,3654.4565217391305,4961.072223692742,228.42111868254747,0.6901647589607539,1.0,0.35714285714285715,0.9678204270448977,0.9,0.6428571428571429,0.9326299231557995,0.6,0.8571428571428571,0.9073288209344195
